-- MySQL dump 10.13  Distrib 8.0.45, for Win64 (x86_64)
--
-- Host: localhost    Database: care
-- ------------------------------------------------------
-- Server version	8.0.45

/*!40101 SET @OLD_CHARACTER_SET_CLIENT=@@CHARACTER_SET_CLIENT */;
/*!40101 SET @OLD_CHARACTER_SET_RESULTS=@@CHARACTER_SET_RESULTS */;
/*!40101 SET @OLD_COLLATION_CONNECTION=@@COLLATION_CONNECTION */;
/*!50503 SET NAMES utf8 */;
/*!40103 SET @OLD_TIME_ZONE=@@TIME_ZONE */;
/*!40103 SET TIME_ZONE='+00:00' */;
/*!40014 SET @OLD_UNIQUE_CHECKS=@@UNIQUE_CHECKS, UNIQUE_CHECKS=0 */;
/*!40014 SET @OLD_FOREIGN_KEY_CHECKS=@@FOREIGN_KEY_CHECKS, FOREIGN_KEY_CHECKS=0 */;
/*!40101 SET @OLD_SQL_MODE=@@SQL_MODE, SQL_MODE='NO_AUTO_VALUE_ON_ZERO' */;
/*!40111 SET @OLD_SQL_NOTES=@@SQL_NOTES, SQL_NOTES=0 */;

--
-- Table structure for table `car_image`
--

DROP TABLE IF EXISTS `car_image`;
/*!40101 SET @saved_cs_client     = @@character_set_client */;
/*!50503 SET character_set_client = utf8mb4 */;
CREATE TABLE `car_image` (
  `id` varchar(100) NOT NULL,
  `created_at` datetime(6) NOT NULL,
  `updated_at` datetime(6) NOT NULL,
  `ipfs_cid` varchar(200) NOT NULL,
  `s3_url` varchar(500) NOT NULL,
  `side` enum('FRONT','FRONT_LEFT','FRONT_RIGHT','REAR','REAR_LEFT','REAR_RIGHT') NOT NULL,
  `car_id` varchar(100) NOT NULL,
  PRIMARY KEY (`id`),
  KEY `FKq3behsf1pig2vx7obelbv6mx` (`car_id`),
  CONSTRAINT `FKq3behsf1pig2vx7obelbv6mx` FOREIGN KEY (`car_id`) REFERENCES `owned_car` (`car_id`)
) ENGINE=InnoDB DEFAULT CHARSET=utf8mb4 COLLATE=utf8mb4_0900_ai_ci;
/*!40101 SET character_set_client = @saved_cs_client */;

--
-- Dumping data for table `car_image`
--

LOCK TABLES `car_image` WRITE;
/*!40000 ALTER TABLE `car_image` DISABLE KEYS */;
INSERT INTO `car_image` VALUES ('0376bfcd-1a82-431f-83e4-65b9b86e29d8','2026-03-26 12:23:00.988133','2026-03-26 12:23:00.988133','QmSudGECrTwmYY9eecKmQLpufnTcpxksGppFXXAy7LTziQ','https://d11c1pk5qwkk9f.cloudfront.net/Range-Rover-Sport/1a2c7e8a-1a04-4962-8d11-dae6a541ff74/REAR_RIGHT.jpg','REAR_RIGHT','1a2c7e8a-1a04-4962-8d11-dae6a541ff74'),('064979c1-df28-44d7-9f3f-aa00b3664a7d','2026-03-26 12:20:18.856554','2026-03-26 12:20:18.856554','Qmf3XWa9TwXjjzxasRm5R5v7qGjy8fSTCX8SqxDVLNnESM','https://d11c1pk5qwkk9f.cloudfront.net/500-Abarth/afe40bba-4f90-4940-9d83-d6cf1f35b48e/REAR_RIGHT.jpg','REAR_RIGHT','afe40bba-4f90-4940-9d83-d6cf1f35b48e'),('07f6f779-2d2f-4ba4-b892-bab2d23c62d8','2026-03-26 12:21:48.352784','2026-03-26 12:21:48.352784','QmeV2pooouTQHacvYXvxg2Z9ezkLH2wuDBqXYBrhiAhhHW','https://d11c1pk5qwkk9f.cloudfront.net/G-63-AMG/d8e93a71-18e0-4772-8620-1631268f6530/FRONT_RIGHT.jpg','FRONT_RIGHT','d8e93a71-18e0-4772-8620-1631268f6530'),('12f8cecf-fce0-4b7d-a1e3-23c65b526efe','2026-03-26 12:10:27.109809','2026-03-26 12:10:27.109809','QmcFAhHKYCzjXbnCAPtdn4Zfnnq1rrPgdxPU8wg9S6psos','https://d11c1pk5qwkk9f.cloudfront.net/720S/5abf047e-07e7-4f67-8137-597fcb3d1e47/REAR.jpg','REAR','5abf047e-07e7-4f67-8137-597fcb3d1e47'),('13fa547d-a6b6-4702-9a8d-248ba187c88b','2026-03-26 12:20:36.583247','2026-03-26 12:20:36.583247','QmYRfCRMSMeNDykD3GccLnJCz4Up3kH81qHXniFFvYvfdF','https://d11c1pk5qwkk9f.cloudfront.net/500-Abarth/c41df415-bfd9-4fcf-89ea-9cf05159c299/REAR.jpg','REAR','c41df415-bfd9-4fcf-89ea-9cf05159c299'),('160f5af1-a55e-4704-88b6-9506fa59a8b8','2026-03-26 12:08:49.961689','2026-03-26 12:08:49.961689','QmUjCUDnnThPu13MG6PbziZyXxJRts5wqZxg2audBXHx7z','https://d11c1pk5qwkk9f.cloudfront.net/SL65-AMG/40fe616f-093e-4ad6-af90-b1730b3e60f6/REAR_LEFT.jpg','REAR_LEFT','40fe616f-093e-4ad6-af90-b1730b3e60f6'),('18dc8293-3591-4640-a2ef-ffe20f5d104b','2026-03-26 12:21:49.415886','2026-03-26 12:21:49.415886','QmeERCD2RaoJWvLdpAJzAXBymXAmGzkncSdfDxj3XVqXCm','https://d11c1pk5qwkk9f.cloudfront.net/G-63-AMG/d8e93a71-18e0-4772-8620-1631268f6530/REAR_LEFT.jpg','REAR_LEFT','d8e93a71-18e0-4772-8620-1631268f6530'),('195f4e83-6267-4b5e-89e7-65bd1cb995ba','2026-03-26 12:20:39.237605','2026-03-26 12:20:39.237605','QmQ3vXHm1bKECDGwcvz1V7A52RBRiaAGZ4YVaJyuf5S2D7','https://d11c1pk5qwkk9f.cloudfront.net/500-Abarth/c41df415-bfd9-4fcf-89ea-9cf05159c299/REAR_LEFT.jpg','REAR_LEFT','c41df415-bfd9-4fcf-89ea-9cf05159c299'),('19db95e1-4359-49f0-8ebe-e301db677769','2026-03-26 12:08:47.275075','2026-03-26 12:08:47.275075','QmSQGobvUrpgudgVHGPtzRwPewic8yyzRwfzhD8Q5B7z32','https://d11c1pk5qwkk9f.cloudfront.net/SL65-AMG/40fe616f-093e-4ad6-af90-b1730b3e60f6/REAR.jpg','REAR','40fe616f-093e-4ad6-af90-b1730b3e60f6'),('1a9b072d-5fbe-451b-8e87-8aa7d9cf1925','2026-03-26 12:20:17.873755','2026-03-26 12:20:17.873755','QmQ3vXHm1bKECDGwcvz1V7A52RBRiaAGZ4YVaJyuf5S2D7','https://d11c1pk5qwkk9f.cloudfront.net/500-Abarth/afe40bba-4f90-4940-9d83-d6cf1f35b48e/REAR_LEFT.jpg','REAR_LEFT','afe40bba-4f90-4940-9d83-d6cf1f35b48e'),('1b698db8-ae5d-4b8f-aa27-04bc01e0737f','2026-03-26 12:20:38.678222','2026-03-26 12:20:38.678222','Qmcy6L7tQ4XwD6yr7pBgGqHeAqWQNARK9H9Ce6zQdq7Nfp','https://d11c1pk5qwkk9f.cloudfront.net/500-Abarth/c41df415-bfd9-4fcf-89ea-9cf05159c299/FRONT_RIGHT.jpg','FRONT_RIGHT','c41df415-bfd9-4fcf-89ea-9cf05159c299'),('217886c6-1ccd-4d80-900f-55cb645f7595','2026-03-26 12:17:39.949677','2026-03-26 12:17:39.949677','QmSZJoXA7XXhN2zMHpeWyuZ5zCgtvHg3q2JjjFXCqQa9oQ','https://d11c1pk5qwkk9f.cloudfront.net/Cooper-S/8df575e2-146f-41fe-958f-1088b27ccd38/REAR_RIGHT.jpg','REAR_RIGHT','8df575e2-146f-41fe-958f-1088b27ccd38'),('27dadb3a-f4b0-4371-8742-178550118e27','2026-03-26 12:20:17.203787','2026-03-26 12:20:17.203787','Qmcy6L7tQ4XwD6yr7pBgGqHeAqWQNARK9H9Ce6zQdq7Nfp','https://d11c1pk5qwkk9f.cloudfront.net/500-Abarth/afe40bba-4f90-4940-9d83-d6cf1f35b48e/FRONT_RIGHT.jpg','FRONT_RIGHT','afe40bba-4f90-4940-9d83-d6cf1f35b48e'),('32d4cf1b-4b90-42c0-925b-f72d197a8d85','2026-03-26 12:21:50.373854','2026-03-26 12:21:50.373854','QmZZmxeSxCpv6Z5xysvb8iWbuiZSGTzV6Hz1TRhCv48yuX','https://d11c1pk5qwkk9f.cloudfront.net/G-63-AMG/d8e93a71-18e0-4772-8620-1631268f6530/REAR_RIGHT.jpg','REAR_RIGHT','d8e93a71-18e0-4772-8620-1631268f6530'),('3afc0642-b2e5-42d3-b5fa-02f58d213f00','2026-03-26 12:24:17.721340','2026-03-26 12:24:17.721340','QmfKah649qP9AbGDGXgZbwwvQNENjxM1dKqj6fmLKgTVYM','https://d11c1pk5qwkk9f.cloudfront.net/RB18/5a6e250c-bd12-468b-ae69-da5327419ed6/REAR.jpg','REAR','5a6e250c-bd12-468b-ae69-da5327419ed6'),('44f35409-df34-4b9d-809e-2c68832939b9','2026-03-26 12:08:48.850175','2026-03-26 12:08:48.850175','QmYjSFsTDctnQVrebk6uR36CYycLBS8PEBXWF9HMbmFtDB','https://d11c1pk5qwkk9f.cloudfront.net/SL65-AMG/40fe616f-093e-4ad6-af90-b1730b3e60f6/FRONT_RIGHT.jpg','FRONT_RIGHT','40fe616f-093e-4ad6-af90-b1730b3e60f6'),('475730b8-ed51-4977-842c-aa7358b65254','2026-03-26 12:17:32.782013','2026-03-26 12:17:32.782013','QmU9byMSHFrdojk7jnnMdEWJLQ4YNQt5n7rHdgpd2iwSYg','https://d11c1pk5qwkk9f.cloudfront.net/Cooper-S/8df575e2-146f-41fe-958f-1088b27ccd38/REAR.jpg','REAR','8df575e2-146f-41fe-958f-1088b27ccd38'),('478449d5-5520-4ae2-9486-64f16c8923dd','2026-03-26 12:10:28.753532','2026-03-26 12:10:28.753532','QmXhQAFNsHWG8WL3H1QW46MduoobgQNZg9ha9yYJFqXEfG','https://d11c1pk5qwkk9f.cloudfront.net/720S/5abf047e-07e7-4f67-8137-597fcb3d1e47/FRONT_LEFT.jpg','FRONT_LEFT','5abf047e-07e7-4f67-8137-597fcb3d1e47'),('4a948e92-4e52-4aab-b994-01eca3f24fd3','2026-03-26 12:17:35.534037','2026-03-26 12:17:35.534037','QmdQN66JLaqhEy8m3GcEnQ9mg5C2stmkiAA1RFwVmVh9Ma','https://d11c1pk5qwkk9f.cloudfront.net/Cooper-S/8df575e2-146f-41fe-958f-1088b27ccd38/FRONT_LEFT.jpg','FRONT_LEFT','8df575e2-146f-41fe-958f-1088b27ccd38'),('5026247d-8d5b-4559-b089-1c24e49d77c4','2026-03-26 12:17:37.236823','2026-03-26 12:17:37.236823','QmNS9sG68DXDwVMxAGdRfSXU2pzTJLrcPWWbHY5cMjhyYN','https://d11c1pk5qwkk9f.cloudfront.net/Cooper-S/8df575e2-146f-41fe-958f-1088b27ccd38/FRONT_RIGHT.jpg','FRONT_RIGHT','8df575e2-146f-41fe-958f-1088b27ccd38'),('5204ea45-bb1e-4963-b47f-495b4a53ff89','2026-03-26 12:22:56.726922','2026-03-26 12:22:56.726922','QmXH7BhZNPXahbAD69NDxR73e21oGj3CEsAp2pzcJWUVYf','https://d11c1pk5qwkk9f.cloudfront.net/Range-Rover-Sport/1a2c7e8a-1a04-4962-8d11-dae6a541ff74/REAR.jpg','REAR','1a2c7e8a-1a04-4962-8d11-dae6a541ff74'),('54ad89cf-d4a5-4138-8fe9-9887ce6e67c6','2026-03-26 12:22:55.972770','2026-03-26 12:22:55.972770','QmZ51pHESYuwmbNzpM1sMXma4h345gM2oxpdfw1HFkshGN','https://d11c1pk5qwkk9f.cloudfront.net/Range-Rover-Sport/1a2c7e8a-1a04-4962-8d11-dae6a541ff74/FRONT.jpg','FRONT','1a2c7e8a-1a04-4962-8d11-dae6a541ff74'),('6811805b-da92-4a46-bd78-5c4354bbe46f','2026-03-26 12:21:47.596200','2026-03-26 12:21:47.596200','QmQ6FYzGWZ6KswfBZ2LwWaghW3hLxBw7R62MCvQAWMa3qV','https://d11c1pk5qwkk9f.cloudfront.net/G-63-AMG/d8e93a71-18e0-4772-8620-1631268f6530/FRONT_LEFT.jpg','FRONT_LEFT','d8e93a71-18e0-4772-8620-1631268f6530'),('68aa8ec4-71e9-4ba9-be81-bbc09ad028e6','2026-03-26 12:24:22.406163','2026-03-26 12:24:22.406163','QmYHDuT4LRWZcKtrD6SemEKwSdit5sPhG1XK9ZGBSgHNdV','https://d11c1pk5qwkk9f.cloudfront.net/RB18/5a6e250c-bd12-468b-ae69-da5327419ed6/REAR_RIGHT.jpg','REAR_RIGHT','5a6e250c-bd12-468b-ae69-da5327419ed6'),('69e19cc7-ce90-4a9f-ac9b-a1f44f7af664','2026-03-26 12:22:59.109731','2026-03-26 12:22:59.109731','Qme23jhbkY79QeYgWnj5H4pFWqrZYsmontn3m3eBTDMnwN','https://d11c1pk5qwkk9f.cloudfront.net/Range-Rover-Sport/1a2c7e8a-1a04-4962-8d11-dae6a541ff74/FRONT_RIGHT.jpg','FRONT_RIGHT','1a2c7e8a-1a04-4962-8d11-dae6a541ff74'),('6c64a0d9-49e2-43f2-b167-696b83f597bc','2026-03-26 12:21:45.544411','2026-03-26 12:21:45.544411','QmeNL8Qp3YmtocYzhXYS1NFQhuRMWScWnk6iduXFWSGeQS','https://d11c1pk5qwkk9f.cloudfront.net/G-63-AMG/d8e93a71-18e0-4772-8620-1631268f6530/FRONT.jpg','FRONT','d8e93a71-18e0-4772-8620-1631268f6530'),('720e5f7e-ba1a-48e6-8984-26bc2715a4ad','2026-03-26 12:20:15.404906','2026-03-26 12:20:15.404906','QmXeG56vjkaz5cFsaNpHo3az2foBrymvWpTP5kAyoVXwZs','https://d11c1pk5qwkk9f.cloudfront.net/500-Abarth/afe40bba-4f90-4940-9d83-d6cf1f35b48e/FRONT_LEFT.jpg','FRONT_LEFT','afe40bba-4f90-4940-9d83-d6cf1f35b48e'),('7862f718-8435-4484-b4d5-882590f13c3d','2026-03-26 12:10:30.404003','2026-03-26 12:10:30.404003','QmVQnRn919THEGEPDKyHDEMb2TBZR2ognYkcibiHwc975u','https://d11c1pk5qwkk9f.cloudfront.net/720S/5abf047e-07e7-4f67-8137-597fcb3d1e47/FRONT_RIGHT.jpg','FRONT_RIGHT','5abf047e-07e7-4f67-8137-597fcb3d1e47'),('822e8e20-8321-417c-8f4c-629dfe2351ef','2026-03-26 12:08:46.358391','2026-03-26 12:08:46.358391','QmTopHjY3sF7P5dh4xsdBUSBs6tozDS4R4SMSZNbavSR5j','https://d11c1pk5qwkk9f.cloudfront.net/SL65-AMG/40fe616f-093e-4ad6-af90-b1730b3e60f6/FRONT.jpg','FRONT','40fe616f-093e-4ad6-af90-b1730b3e60f6'),('840603d0-0b90-47ee-ba4d-000538a49aa0','2026-03-26 12:24:18.236864','2026-03-26 12:24:18.236864','Qmdfm736VDEM81LSm8TF2b7Gp7HfzUkoRz8tn8MTC4xaK8','https://d11c1pk5qwkk9f.cloudfront.net/RB18/5a6e250c-bd12-468b-ae69-da5327419ed6/FRONT_LEFT.jpg','FRONT_LEFT','5a6e250c-bd12-468b-ae69-da5327419ed6'),('86a95806-238e-4502-9a60-26f451cfb417','2026-03-26 12:20:37.334104','2026-03-26 12:20:37.334104','QmXeG56vjkaz5cFsaNpHo3az2foBrymvWpTP5kAyoVXwZs','https://d11c1pk5qwkk9f.cloudfront.net/500-Abarth/c41df415-bfd9-4fcf-89ea-9cf05159c299/FRONT_LEFT.jpg','FRONT_LEFT','c41df415-bfd9-4fcf-89ea-9cf05159c299'),('91c63c35-0401-4126-b5d5-f0c7476392d4','2026-03-26 12:17:38.688515','2026-03-26 12:17:38.688515','Qmc2sN1TaKqLRk16TthjcixrBZzLtfntcJhuxSDvwTCWJL','https://d11c1pk5qwkk9f.cloudfront.net/Cooper-S/8df575e2-146f-41fe-958f-1088b27ccd38/REAR_LEFT.jpg','REAR_LEFT','8df575e2-146f-41fe-958f-1088b27ccd38'),('92a27b24-3953-426a-a132-48ae3519e31a','2026-03-26 12:17:32.103206','2026-03-26 12:17:32.103206','QmSgqiZEoVuJW5WbgZepcSNyF8gmQQK9ErDbvos4bkVATg','https://d11c1pk5qwkk9f.cloudfront.net/Cooper-S/8df575e2-146f-41fe-958f-1088b27ccd38/FRONT.jpg','FRONT','8df575e2-146f-41fe-958f-1088b27ccd38'),('9db704b9-4977-4a4a-b32f-90571cd1caf6','2026-03-26 12:22:58.090192','2026-03-26 12:22:58.090192','QmYwBNvUa8n5nzTBK9bGLeQojfFE9SY6xSvq3X3PiGAgmW','https://d11c1pk5qwkk9f.cloudfront.net/Range-Rover-Sport/1a2c7e8a-1a04-4962-8d11-dae6a541ff74/FRONT_LEFT.jpg','FRONT_LEFT','1a2c7e8a-1a04-4962-8d11-dae6a541ff74'),('9e110218-cd37-4949-8e9d-21a258c2ae10','2026-03-26 12:10:31.421244','2026-03-26 12:10:31.421244','QmVPQJCRYdSHZgC88xVPzKPDnEKCnEqEVuBBmK6bw3kkGg','https://d11c1pk5qwkk9f.cloudfront.net/720S/5abf047e-07e7-4f67-8137-597fcb3d1e47/REAR_LEFT.jpg','REAR_LEFT','5abf047e-07e7-4f67-8137-597fcb3d1e47'),('a2bf7a3d-ad14-4ecf-88d9-d8741caab109','2026-03-26 12:20:35.784179','2026-03-26 12:20:35.784179','QmTSsVHALr8xVBs7nyerwosByq6J7LeJx1WH6wPuSpwApk','https://d11c1pk5qwkk9f.cloudfront.net/500-Abarth/c41df415-bfd9-4fcf-89ea-9cf05159c299/FRONT.jpg','FRONT','c41df415-bfd9-4fcf-89ea-9cf05159c299'),('a408d1aa-e07c-4abd-9899-a92e0cdef049','2026-03-26 12:24:19.581692','2026-03-26 12:24:19.581692','QmaC5DKZ4TwDmpPGQy8h73RG8XACMXfm7deg5aB9hwCaWb','https://d11c1pk5qwkk9f.cloudfront.net/RB18/5a6e250c-bd12-468b-ae69-da5327419ed6/FRONT_RIGHT.jpg','FRONT_RIGHT','5a6e250c-bd12-468b-ae69-da5327419ed6'),('ac70515a-ab4b-4aec-9eea-2fa39840249c','2026-03-26 12:24:17.189510','2026-03-26 12:24:17.189510','QmQzniVCRLkEvZhxcSKuAuZo9nDgCBYN4Rtzyop9EQMH4s','https://d11c1pk5qwkk9f.cloudfront.net/RB18/5a6e250c-bd12-468b-ae69-da5327419ed6/FRONT.jpg','FRONT','5a6e250c-bd12-468b-ae69-da5327419ed6'),('b2db3e6b-91f7-444f-9a2d-eea3801651dd','2026-03-26 12:24:20.643851','2026-03-26 12:24:20.643851','QmX4HvCwLVTL1XxfBJnL4GPTBpFw4TmKfo9mKEYMZ81dbH','https://d11c1pk5qwkk9f.cloudfront.net/RB18/5a6e250c-bd12-468b-ae69-da5327419ed6/REAR_LEFT.jpg','REAR_LEFT','5a6e250c-bd12-468b-ae69-da5327419ed6'),('be7010ca-ac46-4083-9d6c-130ecb485534','2026-03-26 12:10:25.598186','2026-03-26 12:10:25.598186','QmcfaUSx5VR47TcF1RTt1aRdyPrjbDSkvrLK2NkpVZTwWm','https://d11c1pk5qwkk9f.cloudfront.net/720S/5abf047e-07e7-4f67-8137-597fcb3d1e47/FRONT.jpg','FRONT','5abf047e-07e7-4f67-8137-597fcb3d1e47'),('c4276dae-0e18-403e-b4f2-0720c01e99d3','2026-03-26 12:23:00.177587','2026-03-26 12:23:00.177587','QmNMQWSLExHmqFcyimoQQRyZ9U2fyV1TruuR9TBzQRUdRH','https://d11c1pk5qwkk9f.cloudfront.net/Range-Rover-Sport/1a2c7e8a-1a04-4962-8d11-dae6a541ff74/REAR_LEFT.jpg','REAR_LEFT','1a2c7e8a-1a04-4962-8d11-dae6a541ff74'),('cc16071a-3f18-4293-955b-d68643dabd9f','2026-03-26 12:21:46.265378','2026-03-26 12:21:46.265378','QmVwzKccjSFqsJZFWh47t1AkgwpZ2U95x7Xcec75imAsst','https://d11c1pk5qwkk9f.cloudfront.net/G-63-AMG/d8e93a71-18e0-4772-8620-1631268f6530/REAR.jpg','REAR','d8e93a71-18e0-4772-8620-1631268f6530'),('d2243f0b-5aa6-4c16-a039-e4bb68230ce4','2026-03-26 12:20:40.308626','2026-03-26 12:20:40.308626','Qmf3XWa9TwXjjzxasRm5R5v7qGjy8fSTCX8SqxDVLNnESM','https://d11c1pk5qwkk9f.cloudfront.net/500-Abarth/c41df415-bfd9-4fcf-89ea-9cf05159c299/REAR_RIGHT.jpg','REAR_RIGHT','c41df415-bfd9-4fcf-89ea-9cf05159c299'),('e49d0bcf-2cfb-44c8-b892-6d254c3a8fc1','2026-03-26 12:10:32.370423','2026-03-26 12:10:32.370423','QmWCapFvp2y1awi8qcSsJ9TtY38ztEEFpQ5fQy72vXdAvV','https://d11c1pk5qwkk9f.cloudfront.net/720S/5abf047e-07e7-4f67-8137-597fcb3d1e47/REAR_RIGHT.jpg','REAR_RIGHT','5abf047e-07e7-4f67-8137-597fcb3d1e47'),('e6b6f134-70fd-40d2-8bff-27fbd3f10c01','2026-03-26 12:20:14.525881','2026-03-26 12:20:14.525881','QmYRfCRMSMeNDykD3GccLnJCz4Up3kH81qHXniFFvYvfdF','https://d11c1pk5qwkk9f.cloudfront.net/500-Abarth/afe40bba-4f90-4940-9d83-d6cf1f35b48e/REAR.jpg','REAR','afe40bba-4f90-4940-9d83-d6cf1f35b48e'),('e7fda8b5-05cb-435e-8e0d-08b14ea87158','2026-03-26 12:20:13.696271','2026-03-26 12:20:13.696271','QmTSsVHALr8xVBs7nyerwosByq6J7LeJx1WH6wPuSpwApk','https://d11c1pk5qwkk9f.cloudfront.net/500-Abarth/afe40bba-4f90-4940-9d83-d6cf1f35b48e/FRONT.jpg','FRONT','afe40bba-4f90-4940-9d83-d6cf1f35b48e'),('e8d5e6fd-887d-4c35-ab8d-c2347e674c73','2026-03-26 12:08:50.963240','2026-03-26 12:08:50.963240','QmQDEWapfc3bjfmMDGTdtc6LUr9FUcoRz4Jq4BADsrHeWZ','https://d11c1pk5qwkk9f.cloudfront.net/SL65-AMG/40fe616f-093e-4ad6-af90-b1730b3e60f6/REAR_RIGHT.jpg','REAR_RIGHT','40fe616f-093e-4ad6-af90-b1730b3e60f6'),('fe004760-085e-482d-bfa1-c90a9a0b465b','2026-03-26 12:08:48.033046','2026-03-26 12:08:48.033046','QmRZok7K3F3pMoCiV34jJabyaYi4JEnLq29sV6BDk3d9ct','https://d11c1pk5qwkk9f.cloudfront.net/SL65-AMG/40fe616f-093e-4ad6-af90-b1730b3e60f6/FRONT_LEFT.jpg','FRONT_LEFT','40fe616f-093e-4ad6-af90-b1730b3e60f6');
/*!40000 ALTER TABLE `car_image` ENABLE KEYS */;
UNLOCK TABLES;

--
-- Table structure for table `car_model`
--

DROP TABLE IF EXISTS `car_model`;
/*!40101 SET @saved_cs_client     = @@character_set_client */;
/*!50503 SET character_set_client = utf8mb4 */;
CREATE TABLE `car_model` (
  `model_id` varchar(100) NOT NULL,
  `created_at` datetime(6) NOT NULL,
  `updated_at` datetime(6) NOT NULL,
  `brand` varchar(50) NOT NULL,
  `car_size` enum('LARGE','MEDIUM','SMALL') NOT NULL,
  `fuel_type` varchar(20) NOT NULL,
  `model_name` varchar(100) NOT NULL,
  `thumbnail_ipfs_cid` varchar(200) DEFAULT NULL,
  `thumbnail_url` varchar(500) DEFAULT NULL,
  PRIMARY KEY (`model_id`)
) ENGINE=InnoDB DEFAULT CHARSET=utf8mb4 COLLATE=utf8mb4_0900_ai_ci;
/*!40101 SET character_set_client = @saved_cs_client */;

--
-- Dumping data for table `car_model`
--

LOCK TABLES `car_model` WRITE;
/*!40000 ALTER TABLE `car_model` DISABLE KEYS */;
INSERT INTO `car_model` VALUES ('model-001','2026-03-25 13:43:05.000000','2026-03-25 15:12:23.356221','Mercedes-Benz','MEDIUM','GASOLINE','SL65 AMG','QmdLyoLEA6VRAJ16JRz1fLwX7kKEwNkQBBeTjMRzYtE5HH','https://d11c1pk5qwkk9f.cloudfront.net/model-thumbnail/aa6818c8-ca3e-42e1-8d1b-b058f15a6389/SL65_AMG.avif'),('model-002','2026-03-25 13:43:05.000000','2026-03-25 21:25:01.761875','McLaren','MEDIUM','GASOLINE','720S','QmVaGBpJskQ621u5jSwAKaJYx2Zob8DdPcv5ckFZvSDUkt','https://d11c1pk5qwkk9f.cloudfront.net/model-thumbnail/3079fe86-c143-433e-8fea-970ec9ee2649/720S%20thunbnail.avif'),('model-003','2026-03-25 13:43:05.000000','2026-03-25 16:24:04.503129','MINI','SMALL','GASOLINE','Cooper S','QmUSdYp9R1wNrapvzf36gpAQHp7gKZR843AfqkPhS67KFR','https://d11c1pk5qwkk9f.cloudfront.net/model-thumbnail/c406ffd7-63a1-435d-bc3c-d971ed3d9904/Cooper%20S.avif'),('model-004','2026-03-25 13:43:05.000000','2026-03-25 21:09:34.803547','Fiat','SMALL','GASOLINE','500 Abarth','QmWYqUNr8yx9fiHa2UggMsto3TyCrAngpafgGTQfSaBuMX','https://d11c1pk5qwkk9f.cloudfront.net/model-thumbnail/017b7b2e-a967-4d9e-8493-ca230fa8f21d/ABARTH%20500%20thumbnail.avif'),('model-005','2026-03-25 13:43:05.000000','2026-03-25 16:27:16.646388','Mercedes-Benz','LARGE','GASOLINE','G 63 AMG','QmRVGSAqazwpYBcABV3VWVzvYqmz3h9nGh9LqxmDdcAmbL','https://d11c1pk5qwkk9f.cloudfront.net/model-thumbnail/e0c80844-6653-4a66-9211-47e3a75177e1/G%2063%20AMG.avif'),('model-006','2026-03-25 13:43:05.000000','2026-03-25 16:26:08.291419','Land Rover','LARGE','GASOLINE','Range Rover Sport','QmRK1etxRjqd8gUtE8A9hY7SLahq7ysUP42bJhDh2afrEA','https://d11c1pk5qwkk9f.cloudfront.net/model-thumbnail/38770c33-3785-4aa3-b725-823b8d1a1222/Range%20Rover%20Sport.avif'),('model-007','2026-03-25 17:00:00.000000','2026-03-25 20:32:10.815787','Ferrari','MEDIUM','GASOLINE','F1-75','QmbFEECfBEb261yabbP8VY35cyKmiWjGhgVVAo3VGvYA1T','https://d11c1pk5qwkk9f.cloudfront.net/model-thumbnail/ae1875c8-b13b-49d2-b68f-ba8adf452513/F1-75.png'),('model-008','2026-03-25 17:00:00.000000','2026-03-25 21:49:26.286888','Red Bull Racing','MEDIUM','GASOLINE','RB18','QmX5GFjMf2ALgCAuWQXoJkkV3ekuC7yNPeCoXfwBiCJ2p3','https://d11c1pk5qwkk9f.cloudfront.net/model-thumbnail/080da980-db5e-4170-acda-a4e938b50f0d/RB18%20thumbnail.avif');
/*!40000 ALTER TABLE `car_model` ENABLE KEYS */;
UNLOCK TABLES;

--
-- Table structure for table `company`
--

DROP TABLE IF EXISTS `company`;
/*!40101 SET @saved_cs_client     = @@character_set_client */;
/*!50503 SET character_set_client = utf8mb4 */;
CREATE TABLE `company` (
  `company_id` varchar(100) NOT NULL,
  `created_at` datetime(6) NOT NULL,
  `updated_at` datetime(6) NOT NULL,
  `airport_code` varchar(10) NOT NULL,
  `biz_number` varchar(50) DEFAULT NULL,
  `city` varchar(50) DEFAULT NULL,
  `country_code` varchar(2) DEFAULT NULL,
  `detail_address` varchar(255) DEFAULT NULL,
  `did_verified` bit(1) NOT NULL,
  `email` varchar(100) NOT NULL,
  `language_code` varchar(10) DEFAULT NULL,
  `name` varchar(100) NOT NULL,
  `password_hash` varchar(255) NOT NULL,
  `privy_wallet_id` varchar(100) DEFAULT NULL,
  `wallet_address` varchar(100) DEFAULT NULL,
  PRIMARY KEY (`company_id`),
  UNIQUE KEY `UKbma9lv19ba3yjwf12a34xord3` (`email`),
  UNIQUE KEY `UKfuow6ncrq6cqcf2m71jtm6843` (`wallet_address`)
) ENGINE=InnoDB DEFAULT CHARSET=utf8mb4 COLLATE=utf8mb4_0900_ai_ci;
/*!40101 SET character_set_client = @saved_cs_client */;

--
-- Dumping data for table `company`
--

LOCK TABLES `company` WRITE;
/*!40000 ALTER TABLE `company` DISABLE KEYS */;
INSERT INTO `company` VALUES ('2d6384c3-c7c8-47c3-93a8-0f278f04cfe7','2026-03-24 01:10:31.000000','2026-03-24 01:10:31.000000','HND','482-22-88890',NULL,'JP',NULL,_binary '\0','hyo@mail.com','hi','효지컴퍼니','$2a$12$3ZiuSkg3yAYFeoHRDm4g8uzqntAgRx/pqtK6d24tSftt80eCYWjGi','ir1pyehaxu09ku9bbmbc1jkl','0x3ecFB6290360C90d95535A90C39CAE66A1d01131'),('c5f5a88b-947d-485d-accb-5f28aa10b8f7','2026-03-24 01:01:50.000000','2026-03-24 01:01:50.000000','ICN','123-45-67890',NULL,'KR',NULL,_binary '\0','hyun@mail.com','KR','현우컴퍼니','$2a$12$fSNOR5Z9sEAW9LCvvPxLSe2dQam4OewkiXkULPfpDH.gm5u/SDbkG','t26dl7250yimuuorcrdynm5z','0x76B52741929463807f8363Ad57948041ab8d5E65'),('f1f30997-099e-4de5-a4ee-fe0bcad2a0da','2026-03-24 01:09:39.000000','2026-03-24 01:09:39.000000','HND','156-75-88890',NULL,'JP',NULL,_binary '\0','ha@mail.com','JP','하원컴퍼니','$2a$12$XuUwXczSyj6iLogYcJ0rjOmyPBesEAn6onoMQLT5Po0sqz0uLFLOG','w7rne4ao8cba0y4liape5zgl','0x5F6B37452540b2f0c643A61d4a8f60003d7B8E33');
/*!40000 ALTER TABLE `company` ENABLE KEYS */;
UNLOCK TABLES;

--
-- Table structure for table `company_notification`
--

DROP TABLE IF EXISTS `company_notification`;
/*!40101 SET @saved_cs_client     = @@character_set_client */;
/*!50503 SET character_set_client = utf8mb4 */;
CREATE TABLE `company_notification` (
  `notification_id` varchar(100) NOT NULL,
  `created_at` datetime(6) NOT NULL,
  `updated_at` datetime(6) NOT NULL,
  `dispute_id` varchar(100) DEFAULT NULL,
  `message` text NOT NULL,
  `notification_type` varchar(50) NOT NULL,
  `is_read` bit(1) NOT NULL,
  `read_at` datetime(6) DEFAULT NULL,
  `reservation_id` varchar(100) DEFAULT NULL,
  `title` varchar(100) NOT NULL,
  `company_id` varchar(100) NOT NULL,
  PRIMARY KEY (`notification_id`),
  KEY `FK9vpqna3ij3iuq059ci932y7m4` (`company_id`),
  CONSTRAINT `FK9vpqna3ij3iuq059ci932y7m4` FOREIGN KEY (`company_id`) REFERENCES `company` (`company_id`)
) ENGINE=InnoDB DEFAULT CHARSET=utf8mb4 COLLATE=utf8mb4_0900_ai_ci;
/*!40101 SET character_set_client = @saved_cs_client */;

--
-- Dumping data for table `company_notification`
--

LOCK TABLES `company_notification` WRITE;
/*!40000 ALTER TABLE `company_notification` DISABLE KEYS */;
INSERT INTO `company_notification` VALUES ('5c2f6df7-d149-4945-9906-e75c45eb942a','2026-03-27 16:22:46.001583','2026-03-28 19:35:08.884807','65f40ceb-f42e-4a74-b46e-7f5963dda77d','예약 d3ae206e-458f-4411-9860-6a4743d05c73 분쟁이 최종 정산되었습니다. 상태: COMPLETED, 금액: 10000원','SETTLEMENT_COMPLETED',_binary '','2026-03-28 19:35:08.883630','d3ae206e-458f-4411-9860-6a4743d05c73','분쟁 정산이 완료되었습니다.','2d6384c3-c7c8-47c3-93a8-0f278f04cfe7'),('6052ad72-d243-45e7-a24b-20bca9657470','2026-03-26 17:49:52.529241','2026-03-26 17:49:56.949214','183ab50a-dd47-47dc-95aa-7851a03cd0a2','예약 c54ad18a-b875-4f87-9e80-fbb1d299a42a 분쟁에 렌터가 증거를 제출했습니다. 부위: front-right','DEFENSE_SUBMITTED',_binary '','2026-03-26 17:49:56.948757','c54ad18a-b875-4f87-9e80-fbb1d299a42a','렌터가 증거를 제출했습니다.','2d6384c3-c7c8-47c3-93a8-0f278f04cfe7'),('99a1904e-e9f0-4eb3-b4ae-c00d7ed39cee','2026-03-27 16:34:32.449717','2026-03-27 16:34:34.226912','53b252f0-6211-46e1-93dc-08ca34ac0efd','예약 5cec0826-7d20-4091-a7d1-531e99be46a3 분쟁에 렌터가 증거를 제출했습니다. 부위: rear-left','DEFENSE_SUBMITTED',_binary '','2026-03-27 16:34:34.226659','5cec0826-7d20-4091-a7d1-531e99be46a3','렌터가 증거를 제출했습니다.','2d6384c3-c7c8-47c3-93a8-0f278f04cfe7'),('a316f54c-efe2-40ee-8c43-6b040a64e9fc','2026-03-27 16:21:42.816313','2026-03-28 19:48:28.292816','65f40ceb-f42e-4a74-b46e-7f5963dda77d','예약 d3ae206e-458f-4411-9860-6a4743d05c73 분쟁에 렌터가 증거를 제출했습니다. 부위: front-right','DEFENSE_SUBMITTED',_binary '','2026-03-28 19:48:28.292600','d3ae206e-458f-4411-9860-6a4743d05c73','렌터가 증거를 제출했습니다.','2d6384c3-c7c8-47c3-93a8-0f278f04cfe7'),('bf011f80-7400-472b-a3be-5437d44c2a0c','2026-03-27 16:22:36.078347','2026-03-28 19:48:19.626961','65f40ceb-f42e-4a74-b46e-7f5963dda77d','예약 d3ae206e-458f-4411-9860-6a4743d05c73 분쟁에 렌터가 증거를 제출했습니다. 부위: front-right','DEFENSE_SUBMITTED',_binary '','2026-03-28 19:48:19.626706','d3ae206e-458f-4411-9860-6a4743d05c73','렌터가 증거를 제출했습니다.','2d6384c3-c7c8-47c3-93a8-0f278f04cfe7'),('f9ed29c7-fe52-4b92-a3f2-b30be85ffea1','2026-03-27 16:35:13.788253','2026-03-27 16:35:19.264681','53b252f0-6211-46e1-93dc-08ca34ac0efd','예약 5cec0826-7d20-4091-a7d1-531e99be46a3 분쟁에 렌터가 증거를 제출했습니다. 부위: rear-left','DEFENSE_SUBMITTED',_binary '','2026-03-27 16:35:19.264422','5cec0826-7d20-4091-a7d1-531e99be46a3','렌터가 증거를 제출했습니다.','2d6384c3-c7c8-47c3-93a8-0f278f04cfe7');
/*!40000 ALTER TABLE `company_notification` ENABLE KEYS */;
UNLOCK TABLES;

--
-- Table structure for table `dispute`
--

DROP TABLE IF EXISTS `dispute`;
/*!40101 SET @saved_cs_client     = @@character_set_client */;
/*!50503 SET character_set_client = utf8mb4 */;
CREATE TABLE `dispute` (
  `dispute_id` varchar(100) NOT NULL,
  `created_at` datetime(6) NOT NULL,
  `updated_at` datetime(6) NOT NULL,
  `claim_amount` int NOT NULL,
  `company_settlement_agreed` bit(1) NOT NULL,
  `reason` text NOT NULL,
  `renter_settlement_agreed` bit(1) NOT NULL,
  `settlement_agreed_at` datetime(6) DEFAULT NULL,
  `settlement_final_amount` bigint DEFAULT NULL,
  `settlement_status` varchar(20) DEFAULT NULL,
  `snapshot_after_crop_s3_url` varchar(255) DEFAULT NULL,
  `snapshot_before_crop_s3_url` varchar(255) DEFAULT NULL,
  `snapshot_before_log_id` varchar(100) DEFAULT NULL,
  `snapshot_captured_at` datetime(6) DEFAULT NULL,
  `snapshot_diff_score` double DEFAULT NULL,
  `snapshot_similarity` double DEFAULT NULL,
  `snapshot_threshold` double DEFAULT NULL,
  `snapshot_warning` bit(1) NOT NULL,
  `status` varchar(20) NOT NULL,
  `defense_log_id` varchar(100) DEFAULT NULL,
  `reservation_id` varchar(100) NOT NULL,
  `target_log_id` varchar(100) NOT NULL,
  `ai_analysis_cached_at` datetime(6) DEFAULT NULL,
  `ai_analysis_report` longtext,
  PRIMARY KEY (`dispute_id`),
  KEY `FK89u5smswaas9knk32eeh1pti0` (`defense_log_id`),
  KEY `FKi6ewsbxgjlbwjrryl0hcrg9xa` (`reservation_id`),
  KEY `FKegs5e7ogwlgbclfko0c5varlq` (`target_log_id`),
  CONSTRAINT `FK89u5smswaas9knk32eeh1pti0` FOREIGN KEY (`defense_log_id`) REFERENCES `scratch` (`log_id`),
  CONSTRAINT `FKegs5e7ogwlgbclfko0c5varlq` FOREIGN KEY (`target_log_id`) REFERENCES `scratch` (`log_id`),
  CONSTRAINT `FKi6ewsbxgjlbwjrryl0hcrg9xa` FOREIGN KEY (`reservation_id`) REFERENCES `reservation` (`reservation_id`)
) ENGINE=InnoDB DEFAULT CHARSET=utf8mb4 COLLATE=utf8mb4_0900_ai_ci;
/*!40101 SET character_set_client = @saved_cs_client */;

--
-- Dumping data for table `dispute`
--

LOCK TABLES `dispute` WRITE;
/*!40000 ALTER TABLE `dispute` DISABLE KEYS */;
INSERT INTO `dispute` VALUES ('183ab50a-dd47-47dc-95aa-7851a03cd0a2','2026-03-26 17:44:19.418503','2026-03-26 17:50:26.754647',1232,_binary '','테스트테스트',_binary '\0',NULL,0,'REFUNDED','https://d11c1pk5qwkk9f.cloudfront.net/crops/98a8b2b8-ea7f-4f92-8732-c1f6c4383ea7.jpg','https://d11c1pk5qwkk9f.cloudfront.net/crops/a47aa43e-d55f-4815-97a0-771ad1ac84b6.jpg','c2a5fa81-593b-45fc-bcb2-59c8bc6c6448','2026-03-26 17:44:19.414300',0.06190834939479828,53.66578698158264,60,_binary '','OPEN','0c9aec47-3018-4883-bcdb-a4b0ad767ff1','c54ad18a-b875-4f87-9e80-fbb1d299a42a','db7067b5-7b06-4d3a-b68f-9817ef8497d5',NULL,NULL),('53b252f0-6211-46e1-93dc-08ca34ac0efd','2026-03-27 16:34:06.510909','2026-03-27 16:34:52.661343',123,_binary '','zzz',_binary '\0',NULL,0,'REFUNDED','https://d11c1pk5qwkk9f.cloudfront.net/crops/35aa2892-03e2-417c-83ff-63305a147cd2.jpg',NULL,NULL,'2026-03-27 16:34:06.509387',100,0,60,_binary '','OPEN','04538a05-7130-4377-84b4-c63bb37625c6','5cec0826-7d20-4091-a7d1-531e99be46a3','7516290c-14e6-4e79-9000-e53519e60862',NULL,NULL),('65f40ceb-f42e-4a74-b46e-7f5963dda77d','2026-03-27 16:15:51.919555','2026-03-27 16:22:46.003624',10000,_binary '','테스트',_binary '','2026-03-27 16:22:27.817497',10000,'COMPLETED','https://d11c1pk5qwkk9f.cloudfront.net/crops/c11ec595-1789-4c3a-a5b3-10702275dc10.jpg',NULL,NULL,'2026-03-27 16:15:51.915042',100,0,60,_binary '','COMPLETED','c5fec5ca-650c-4aee-b764-85eca58123b0','d3ae206e-458f-4411-9860-6a4743d05c73','6bd0223e-cdf9-48c1-9775-5027b536ab70',NULL,NULL),('b649ad9c-d8a5-4cf2-b3d8-2011ea543bbf','2026-03-28 22:29:14.826759','2026-03-29 00:12:21.897951',123,_binary '','dawd',_binary '\0',NULL,123,'COMPLETED','https://d11c1pk5qwkk9f.cloudfront.net/crops/3e2ab394-2193-4f7f-9bdc-4528a913d14b.jpg','https://d11c1pk5qwkk9f.cloudfront.net/crops/d507c88d-cac7-4b4d-b880-fc370063fbff.jpg','f2683df4-fbe4-4c72-9d89-c00e71c9aff2','2026-03-28 22:29:14.796045',0,100,60,_binary '\0','OPEN',NULL,'1b9a45e2-8c99-4b48-be59-4ecdadc5dac3','eed5f26f-11d0-4ad6-b4a0-868a5ed2ed66',NULL,NULL),('d691e492-b455-495a-a3ce-ab6d9a7269cd','2026-03-28 19:23:43.092734','2026-03-28 19:23:43.092734',10000,_binary '\0','테스트',_binary '\0',NULL,NULL,NULL,'https://d11c1pk5qwkk9f.cloudfront.net/crops/565ea440-7e5d-49ee-b0c7-e4bff5062686.jpg',NULL,NULL,'2026-03-28 19:23:43.089172',100,0,60,_binary '','OPEN',NULL,'243a29f1-144e-46da-ba81-af9c7ced5788','492df7c1-96d0-4731-b52c-ce9a7cda4dd6',NULL,NULL);
/*!40000 ALTER TABLE `dispute` ENABLE KEYS */;
UNLOCK TABLES;

--
-- Table structure for table `insurance`
--

DROP TABLE IF EXISTS `insurance`;
/*!40101 SET @saved_cs_client     = @@character_set_client */;
/*!50503 SET character_set_client = utf8mb4 */;
CREATE TABLE `insurance` (
  `insurance_id` varchar(100) NOT NULL,
  `created_at` datetime(6) NOT NULL,
  `updated_at` datetime(6) NOT NULL,
  `description` text NOT NULL,
  `name` varchar(100) NOT NULL,
  `price` int NOT NULL,
  `company_id` varchar(100) NOT NULL,
  PRIMARY KEY (`insurance_id`),
  KEY `FKcd4rxfhvrccffs5yyuiolxg6k` (`company_id`),
  CONSTRAINT `FKcd4rxfhvrccffs5yyuiolxg6k` FOREIGN KEY (`company_id`) REFERENCES `company` (`company_id`)
) ENGINE=InnoDB DEFAULT CHARSET=utf8mb4 COLLATE=utf8mb4_0900_ai_ci;
/*!40101 SET character_set_client = @saved_cs_client */;

--
-- Dumping data for table `insurance`
--

LOCK TABLES `insurance` WRITE;
/*!40000 ALTER TABLE `insurance` DISABLE KEYS */;
INSERT INTO `insurance` VALUES ('ins-001','2026-03-26 03:37:06.000000','2026-03-26 03:37:06.000000','차량 파손 기본 보장 플랜','기본 보험',10000,'c5f5a88b-947d-485d-accb-5f28aa10b8f7'),('ins-002','2026-03-26 03:37:06.000000','2026-03-26 03:37:06.000000','전손·대인·대물 포함 풀커버 플랜','프리미엄 보험',25000,'c5f5a88b-947d-485d-accb-5f28aa10b8f7'),('ins-003','2026-03-26 03:37:06.000000','2026-03-26 03:37:06.000000','Basic damage coverage plan','Basic Coverage',8000,'f1f30997-099e-4de5-a4ee-fe0bcad2a0da'),('ins-004','2026-03-26 03:37:06.000000','2026-03-26 03:37:06.000000','Full liability and collision coverage','Full Coverage',20000,'f1f30997-099e-4de5-a4ee-fe0bcad2a0da'),('ins-005','2026-03-26 03:37:06.000000','2026-03-26 03:37:06.000000','Standard vehicle protection plan','Standard Plan',12000,'2d6384c3-c7c8-47c3-93a8-0f278f04cfe7');
/*!40000 ALTER TABLE `insurance` ENABLE KEYS */;
UNLOCK TABLES;

--
-- Table structure for table `owned_car`
--

DROP TABLE IF EXISTS `owned_car`;
/*!40101 SET @saved_cs_client     = @@character_set_client */;
/*!50503 SET character_set_client = utf8mb4 */;
CREATE TABLE `owned_car` (
  `car_id` varchar(100) NOT NULL,
  `created_at` datetime(6) NOT NULL,
  `updated_at` datetime(6) NOT NULL,
  `daily_price` int NOT NULL,
  `nft_token_id` varchar(100) DEFAULT NULL,
  `plate_number` varchar(100) NOT NULL,
  `status` enum('ACTIVE','FAILED','PENDING') NOT NULL,
  `model_id` varchar(100) NOT NULL,
  `company_id` varchar(100) NOT NULL,
  PRIMARY KEY (`car_id`),
  KEY `FKdk2wyjmh64fs3k3devsi2ew1p` (`model_id`),
  KEY `FKghfxyvuqoqtwnm2lrs8oj7b0t` (`company_id`),
  CONSTRAINT `FKdk2wyjmh64fs3k3devsi2ew1p` FOREIGN KEY (`model_id`) REFERENCES `car_model` (`model_id`),
  CONSTRAINT `FKghfxyvuqoqtwnm2lrs8oj7b0t` FOREIGN KEY (`company_id`) REFERENCES `company` (`company_id`)
) ENGINE=InnoDB DEFAULT CHARSET=utf8mb4 COLLATE=utf8mb4_0900_ai_ci;
/*!40101 SET character_set_client = @saved_cs_client */;

--
-- Dumping data for table `owned_car`
--

LOCK TABLES `owned_car` WRITE;
/*!40000 ALTER TABLE `owned_car` DISABLE KEYS */;
INSERT INTO `owned_car` VALUES ('1a2c7e8a-1a04-4962-8d11-dae6a541ff74','2026-03-26 12:22:54.644395','2026-03-26 12:23:07.785245',10000,'35','15김 7426','ACTIVE','model-006','2d6384c3-c7c8-47c3-93a8-0f278f04cfe7'),('40fe616f-093e-4ad6-af90-b1730b3e60f6','2026-03-26 12:08:43.744826','2026-03-26 12:08:57.657634',10000,'29','12가 3456','ACTIVE','model-001','2d6384c3-c7c8-47c3-93a8-0f278f04cfe7'),('5a6e250c-bd12-468b-ae69-da5327419ed6','2026-03-26 12:24:15.016329','2026-03-26 12:24:27.152530',10000,'36','MAX VERSTAPPEN ','ACTIVE','model-008','2d6384c3-c7c8-47c3-93a8-0f278f04cfe7'),('5abf047e-07e7-4f67-8137-597fcb3d1e47','2026-03-26 12:10:23.430717','2026-03-26 12:10:37.062220',10000,'30','34나 7890','ACTIVE','model-002','2d6384c3-c7c8-47c3-93a8-0f278f04cfe7'),('8df575e2-146f-41fe-958f-1088b27ccd38','2026-03-26 12:17:30.437036','2026-03-26 12:17:46.780633',10000,'31','58나 7890','ACTIVE','model-003','2d6384c3-c7c8-47c3-93a8-0f278f04cfe7'),('afe40bba-4f90-4940-9d83-d6cf1f35b48e','2026-03-26 12:20:12.029435','2026-03-26 12:20:27.655436',10000,'32','71정 2154','ACTIVE','model-004','2d6384c3-c7c8-47c3-93a8-0f278f04cfe7'),('c41df415-bfd9-4fcf-89ea-9cf05159c299','2026-03-26 12:20:34.762234','2026-03-26 12:20:47.003506',10000,'33','71정 2154','ACTIVE','model-004','2d6384c3-c7c8-47c3-93a8-0f278f04cfe7'),('d8e93a71-18e0-4772-8620-1631268f6530','2026-03-26 12:21:44.318965','2026-03-26 12:21:57.097902',10000,'34','54훈 7865','ACTIVE','model-005','2d6384c3-c7c8-47c3-93a8-0f278f04cfe7');
/*!40000 ALTER TABLE `owned_car` ENABLE KEYS */;
UNLOCK TABLES;

--
-- Table structure for table `renter`
--

DROP TABLE IF EXISTS `renter`;
/*!40101 SET @saved_cs_client     = @@character_set_client */;
/*!50503 SET character_set_client = utf8mb4 */;
CREATE TABLE `renter` (
  `user_id` varchar(100) NOT NULL,
  `created_at` datetime(6) NOT NULL,
  `updated_at` datetime(6) NOT NULL,
  `did_uri` varchar(100) DEFAULT NULL,
  `did_verified` bit(1) NOT NULL,
  `email` varchar(100) NOT NULL,
  `language_code` varchar(10) DEFAULT NULL,
  `name` varchar(100) NOT NULL,
  `password_hash` varchar(255) NOT NULL,
  `privy_wallet_id` varchar(100) DEFAULT NULL,
  `vc_cid` varchar(255) DEFAULT NULL,
  `wallet_address` varchar(100) DEFAULT NULL,
  PRIMARY KEY (`user_id`),
  UNIQUE KEY `UK8lx5melb9aiqsx6uaw8ssbb5r` (`email`),
  UNIQUE KEY `UK7uq6hy51j17a57vxyfrwhgyju` (`wallet_address`)
) ENGINE=InnoDB DEFAULT CHARSET=utf8mb4 COLLATE=utf8mb4_0900_ai_ci;
/*!40101 SET character_set_client = @saved_cs_client */;

--
-- Dumping data for table `renter`
--

LOCK TABLES `renter` WRITE;
/*!40000 ALTER TABLE `renter` DISABLE KEYS */;
INSERT INTO `renter` VALUES ('04bbcd71-64ac-431f-9261-412b19de8369','2026-03-27 11:10:15.380575','2026-03-27 11:10:15.380575',NULL,_binary '\0','0w0n2x@gmail.com','fr','hyewon','$2a$12$Al9ENqXuwNPyU1qlLU/b4uRylMyP18xzQgxo53q6D6iWDzbCXRaZm','uebs54eu4vuizaiaub082i7h',NULL,'0x4aD4712955b6A33dBd5f92e174320A3CD395386A'),('1e9a3d65-2107-4fea-a572-729b040b76f3','2026-03-26 22:08:34.125143','2026-03-26 22:08:34.125143',NULL,_binary '\0','care@email.com','ko','조카레','$2a$12$3NmrW104EZJ8aeeHK5kKLOizSoVadN3j9.jbVklnJPs574snn9hS6','adod4dp8lsvwveljonna73h2',NULL,'0xDa037F00D104cB35a8d3E7C453A3d6A33384f77F'),('2e68f23e-1c44-4ae5-a32a-c8b5e8deec76','2026-03-24 00:26:24.000000','2026-03-26 15:53:27.927510','did:ethr:31221:0x905fb19831043f5fe85be9748931612e18417b59',_binary '','hee@mail.com','KR','희정','$2a$12$Yx2moRPVmjG8c18Wf98DNeAHsyyoSp39JMfm89VvZMVKBHFAEQRTi','bc80i6aeo1bliidj8iewh5xk','Qmf43u6dEVmuP5cPyseTkLAV1E8AgGKbWNgdBnV9QQ9Ltu','0x905FB19831043f5fe85be9748931612E18417b59'),('44a77c1d-349d-49b6-9b3f-9fdba5ff4eee','2026-03-26 22:09:43.583199','2026-03-26 23:04:18.693899','did:ethr:31221:0x63af9620e07deb1e406b7a16724b483339162ddb',_binary '','care@care.com','ko','조카레','$2a$12$QKz6agK2zt5aki3ulkvsl.cblZvLoL3gwolsg0xFNZ5Pw5sstdViW','vennxmazr6jt33wy99jlhb0j','QmXpBEUDhEieLZwbhtujx45572wn1nRADABLBG5ouSoujd','0x63Af9620E07DEb1E406B7a16724b483339162DdB'),('6918988c-1f38-44ac-896d-03569ed79baf','2026-03-27 10:45:53.048738','2026-03-27 10:45:53.048738',NULL,_binary '\0','test@test.com','ko','조카레','$2a$12$Ib146TVhDLD1M82zs4Dqr.MPCHtRJtSeQf5bkX6LHKONXDeVxyCc6','qfcm2snzv3x4hl1x3w990tww',NULL,'0xaC89E0924C39fb1c39E52a3B158afE407dece34f'),('82802869-3e13-4003-9281-2a7c45506d5d','2026-03-24 00:26:55.000000','2026-03-26 14:31:38.925211','did:ethr:31221:0xd51feb2369457f206fd162af45447a3c562118cc',_binary '','jung@mail.com','KR','정훈','$2a$12$iuVf0ygehHRG6Q6rX2YpIu4wwSEK68dwmPFnlqnAWLHcNyP7uvQUy','zrjcys6r3b3fg6rrm7rz4xbg','QmezXE4nET43JoeUatz6JqWmjvwrxhTBsedyirAqPKhTj9','0xd51FEB2369457f206fD162AF45447A3c562118cC'),('8a2b4e36-9067-46ea-85a7-9fa7c2200370','2026-03-24 00:27:07.000000','2026-03-26 21:26:08.315749','did:ethr:31221:0x9962f89531685de2c83178aa1129275b28f8f6a0',_binary '','hye@mail.com','JP','혜린','$2a$12$Cpilst/Ai2lLyAfteU1HleqvOCro5.SccV2Uqf0h28VDxmoA69R5m','copzgry0yl2v31yemko96sri','QmPC4TyK8RfRLC8ksRwtkV4zsVGDAcUXxxFsdz1xRTB5hd','0x9962F89531685dE2C83178Aa1129275b28f8f6A0'),('91ded3d6-671d-4012-986c-23825bc232a4','2026-03-27 12:27:59.045288','2026-03-27 12:27:59.045288',NULL,_binary '\0','test327@mail.com','ko','김싸피','$2a$12$wJoCrSvJJvemiTOVZZr6eurpWV7CTMu5VICI6NPeZvDHBaZAUeQcO','stgc3x8enx8y25v8q9l1nuzc',NULL,'0x2ebae6B705F2C6Ab10f7E5dD040A914deBa40d6F'),('eaa715e9-75e0-451d-8d0f-3eba52338173','2026-03-27 13:20:31.767693','2026-03-27 13:20:31.767693',NULL,_binary '\0','he5298@naver.com','ko','희정','$2a$12$kNjz8JPClW27ozN7ZqiRp.KJM5TIQNe6J0UAZEKCx.iOEqGnZ3zsC','yfmm3xv9hr06dp6xst2ht4m8',NULL,'0x30e6E76B1Ca67A88D946E0c4aaF6Db9Fe6178659');
/*!40000 ALTER TABLE `renter` ENABLE KEYS */;
UNLOCK TABLES;

--
-- Table structure for table `renter_document`
--

DROP TABLE IF EXISTS `renter_document`;
/*!40101 SET @saved_cs_client     = @@character_set_client */;
/*!50503 SET character_set_client = utf8mb4 */;
CREATE TABLE `renter_document` (
  `doc_id` varchar(100) NOT NULL,
  `created_at` datetime(6) NOT NULL,
  `updated_at` datetime(6) NOT NULL,
  `doc_type` enum('INT_LICENSE','PASSPORT') NOT NULL,
  `verified` bit(1) NOT NULL,
  `verified_at` datetime(6) DEFAULT NULL,
  `user_id` varchar(100) NOT NULL,
  PRIMARY KEY (`doc_id`),
  KEY `FKkq01xk3xb9to02hoo6yrcl9yp` (`user_id`),
  CONSTRAINT `FKkq01xk3xb9to02hoo6yrcl9yp` FOREIGN KEY (`user_id`) REFERENCES `renter` (`user_id`)
) ENGINE=InnoDB DEFAULT CHARSET=utf8mb4 COLLATE=utf8mb4_0900_ai_ci;
/*!40101 SET character_set_client = @saved_cs_client */;

--
-- Dumping data for table `renter_document`
--

LOCK TABLES `renter_document` WRITE;
/*!40000 ALTER TABLE `renter_document` DISABLE KEYS */;
INSERT INTO `renter_document` VALUES ('190ff2d3-f96f-4e53-af6c-10b813591cb0','2026-03-26 14:31:33.291997','2026-03-26 17:33:22.392486','INT_LICENSE',_binary '','2026-03-26 17:33:22.392089','82802869-3e13-4003-9281-2a7c45506d5d'),('2992b9cd-bc6a-497c-9cad-4be3222c5308','2026-03-26 23:04:10.792332','2026-03-26 23:05:21.614783','INT_LICENSE',_binary '','2026-03-26 23:05:21.614329','44a77c1d-349d-49b6-9b3f-9fdba5ff4eee'),('32abeb96-a16b-4135-80bc-db3eb139b927','2026-03-26 15:52:41.226818','2026-03-26 15:52:41.226818','PASSPORT',_binary '','2026-03-26 15:52:41.184710','2e68f23e-1c44-4ae5-a32a-c8b5e8deec76'),('4a6528d3-76a1-4359-a735-2c130a942189','2026-03-26 21:26:04.731291','2026-03-26 21:26:04.731291','PASSPORT',_binary '','2026-03-26 21:26:04.730536','8a2b4e36-9067-46ea-85a7-9fa7c2200370'),('683c1621-e185-4734-ac93-6388f1c634a2','2026-03-26 23:02:30.158362','2026-03-26 23:02:30.158362','PASSPORT',_binary '','2026-03-26 23:02:30.115579','44a77c1d-349d-49b6-9b3f-9fdba5ff4eee'),('8d9cd853-db68-47b4-8f60-bd773df13c2b','2026-03-26 21:24:36.270956','2026-03-26 21:24:36.270956','INT_LICENSE',_binary '','2026-03-26 21:24:36.269747','8a2b4e36-9067-46ea-85a7-9fa7c2200370'),('927d4aa3-85af-42fd-883b-e8f595d036c0','2026-03-26 14:31:02.231962','2026-03-26 17:32:21.640435','PASSPORT',_binary '','2026-03-26 17:32:21.639021','82802869-3e13-4003-9281-2a7c45506d5d'),('b3c76883-3617-4dca-b628-c4e905eef215','2026-03-26 15:53:24.217275','2026-03-26 15:53:24.217275','INT_LICENSE',_binary '','2026-03-26 15:53:24.215871','2e68f23e-1c44-4ae5-a32a-c8b5e8deec76'),('b96fa74f-22f7-4ff7-84e0-0536450381b3','2026-03-27 10:47:50.683128','2026-03-27 10:47:50.683128','PASSPORT',_binary '','2026-03-27 10:47:50.680961','6918988c-1f38-44ac-896d-03569ed79baf');
/*!40000 ALTER TABLE `renter_document` ENABLE KEYS */;
UNLOCK TABLES;

--
-- Table structure for table `renter_notification`
--

DROP TABLE IF EXISTS `renter_notification`;
/*!40101 SET @saved_cs_client     = @@character_set_client */;
/*!50503 SET character_set_client = utf8mb4 */;
CREATE TABLE `renter_notification` (
  `notification_id` varchar(100) NOT NULL,
  `created_at` datetime(6) NOT NULL,
  `updated_at` datetime(6) NOT NULL,
  `dispute_id` varchar(100) DEFAULT NULL,
  `message` text NOT NULL,
  `notification_type` varchar(50) NOT NULL,
  `is_read` bit(1) NOT NULL,
  `read_at` datetime(6) DEFAULT NULL,
  `reservation_id` varchar(100) DEFAULT NULL,
  `title` varchar(100) NOT NULL,
  `renter_id` varchar(100) NOT NULL,
  PRIMARY KEY (`notification_id`),
  KEY `FKaj81mwyneatkbbbgrmds22ht3` (`renter_id`),
  CONSTRAINT `FKaj81mwyneatkbbbgrmds22ht3` FOREIGN KEY (`renter_id`) REFERENCES `renter` (`user_id`)
) ENGINE=InnoDB DEFAULT CHARSET=utf8mb4 COLLATE=utf8mb4_0900_ai_ci;
/*!40101 SET character_set_client = @saved_cs_client */;

--
-- Dumping data for table `renter_notification`
--

LOCK TABLES `renter_notification` WRITE;
/*!40000 ALTER TABLE `renter_notification` DISABLE KEYS */;
INSERT INTO `renter_notification` VALUES ('0aec6ee8-90e7-4610-ba05-5849b2db587f','2026-03-27 16:22:13.785578','2026-03-27 16:22:23.758581','65f40ceb-f42e-4a74-b46e-7f5963dda77d','예약 d3ae206e-458f-4411-9860-6a4743d05c73 분쟁 정산 금액 10000원에 업체 동의가 완료되었습니다. 최종 동의 여부를 확인해주세요.','SETTLEMENT_REQUESTED',_binary '','2026-03-27 16:22:23.758318','d3ae206e-458f-4411-9860-6a4743d05c73','업체가 정산에 동의했습니다.','44a77c1d-349d-49b6-9b3f-9fdba5ff4eee'),('0db97042-fb42-46e5-85d3-b631f2fea612','2026-03-27 16:22:45.999128','2026-03-27 16:22:53.580396','65f40ceb-f42e-4a74-b46e-7f5963dda77d','예약 d3ae206e-458f-4411-9860-6a4743d05c73 분쟁 정산이 완료되었습니다. 상태: COMPLETED, 금액: 10000원','SETTLEMENT_COMPLETED',_binary '','2026-03-27 16:22:53.580001','d3ae206e-458f-4411-9860-6a4743d05c73','분쟁 정산이 완료되었습니다.','44a77c1d-349d-49b6-9b3f-9fdba5ff4eee'),('422831da-e052-46c2-9343-4bbdb0efeb2a','2026-03-26 17:50:26.753187','2026-03-26 17:50:43.788347','183ab50a-dd47-47dc-95aa-7851a03cd0a2','예약 c54ad18a-b875-4f87-9e80-fbb1d299a42a 분쟁 정산 금액 0원에 업체 동의가 완료되었습니다. 최종 동의 여부를 확인해주세요.','SETTLEMENT_REQUESTED',_binary '','2026-03-26 17:50:43.788132','c54ad18a-b875-4f87-9e80-fbb1d299a42a','업체가 정산에 동의했습니다.','82802869-3e13-4003-9281-2a7c45506d5d'),('59d0c148-f782-41d5-bb5d-b11efb3b6258','2026-03-27 16:34:52.660036','2026-03-27 16:34:55.985079','53b252f0-6211-46e1-93dc-08ca34ac0efd','예약 5cec0826-7d20-4091-a7d1-531e99be46a3 분쟁 정산 금액 0원에 업체 동의가 완료되었습니다. 최종 동의 여부를 확인해주세요.','SETTLEMENT_REQUESTED',_binary '','2026-03-27 16:34:55.984875','5cec0826-7d20-4091-a7d1-531e99be46a3','업체가 정산에 동의했습니다.','2e68f23e-1c44-4ae5-a32a-c8b5e8deec76'),('71c42d6e-7f76-43ed-9a08-3639192374aa','2026-03-27 16:34:06.512055','2026-03-27 16:34:27.473132','53b252f0-6211-46e1-93dc-08ca34ac0efd','예약 5cec0826-7d20-4091-a7d1-531e99be46a3에서 새로운 분쟁이 접수되었습니다. 사유: zzz','DISPUTE_CREATED',_binary '','2026-03-27 16:34:27.472899','5cec0826-7d20-4091-a7d1-531e99be46a3','분쟁이 접수되었습니다.','2e68f23e-1c44-4ae5-a32a-c8b5e8deec76'),('754ae396-ae39-44ce-8a54-9b4061636f11','2026-03-28 22:29:14.849760','2026-03-28 22:29:14.849760','b649ad9c-d8a5-4cf2-b3d8-2011ea543bbf','예약 1b9a45e2-8c99-4b48-be59-4ecdadc5dac3에서 새로운 분쟁이 접수되었습니다. 사유: dawd','DISPUTE_CREATED',_binary '\0',NULL,'1b9a45e2-8c99-4b48-be59-4ecdadc5dac3','분쟁이 접수되었습니다.','82802869-3e13-4003-9281-2a7c45506d5d'),('8c1d7723-ec33-4044-bcb6-0971fd7f3fb7','2026-03-27 16:15:51.928311','2026-03-27 16:21:04.603420','65f40ceb-f42e-4a74-b46e-7f5963dda77d','예약 d3ae206e-458f-4411-9860-6a4743d05c73에서 새로운 분쟁이 접수되었습니다. 사유: 테스트','DISPUTE_CREATED',_binary '','2026-03-27 16:21:04.603139','d3ae206e-458f-4411-9860-6a4743d05c73','분쟁이 접수되었습니다.','44a77c1d-349d-49b6-9b3f-9fdba5ff4eee'),('9d4c3a63-30b2-47ca-8a28-1f47f31d2dc4','2026-03-26 17:44:19.425488','2026-03-26 17:44:36.550159','183ab50a-dd47-47dc-95aa-7851a03cd0a2','예약 c54ad18a-b875-4f87-9e80-fbb1d299a42a에서 새로운 분쟁이 접수되었습니다. 사유: 테스트테스트','DISPUTE_CREATED',_binary '','2026-03-26 17:44:36.549855','c54ad18a-b875-4f87-9e80-fbb1d299a42a','분쟁이 접수되었습니다.','82802869-3e13-4003-9281-2a7c45506d5d'),('b0ec6773-3ab8-49b2-a1fc-1f8cd8d99011','2026-03-28 19:23:43.099391','2026-03-28 19:23:43.099391','d691e492-b455-495a-a3ce-ab6d9a7269cd','예약 243a29f1-144e-46da-ba81-af9c7ced5788에서 새로운 분쟁이 접수되었습니다. 사유: 테스트','DISPUTE_CREATED',_binary '\0',NULL,'243a29f1-144e-46da-ba81-af9c7ced5788','분쟁이 접수되었습니다.','82802869-3e13-4003-9281-2a7c45506d5d'),('e2d51eca-a8b4-445a-ac95-985e58ce1b21','2026-03-29 00:12:21.895287','2026-03-29 00:12:21.895287','b649ad9c-d8a5-4cf2-b3d8-2011ea543bbf','예약 1b9a45e2-8c99-4b48-be59-4ecdadc5dac3 분쟁 정산 금액 123원에 업체 동의가 완료되었습니다. 최종 동의 여부를 확인해주세요.','SETTLEMENT_REQUESTED',_binary '\0',NULL,'1b9a45e2-8c99-4b48-be59-4ecdadc5dac3','업체가 정산에 동의했습니다.','82802869-3e13-4003-9281-2a7c45506d5d');
/*!40000 ALTER TABLE `renter_notification` ENABLE KEYS */;
UNLOCK TABLES;

--
-- Table structure for table `report`
--

DROP TABLE IF EXISTS `report`;
/*!40101 SET @saved_cs_client     = @@character_set_client */;
/*!50503 SET character_set_client = utf8mb4 */;
CREATE TABLE `report` (
  `report_id` varchar(36) NOT NULL,
  `created_at` datetime(6) NOT NULL,
  `updated_at` datetime(6) NOT NULL,
  `generated_at` datetime(6) NOT NULL,
  `similarity_threshold` double NOT NULL,
  `warning_count` int NOT NULL,
  `reservation_id` varchar(100) NOT NULL,
  PRIMARY KEY (`report_id`),
  UNIQUE KEY `UKkidskq72mbx8kvgeb2lvv1gsv` (`reservation_id`),
  CONSTRAINT `FKl2utxej0qeeufcxj0588c75jn` FOREIGN KEY (`reservation_id`) REFERENCES `reservation` (`reservation_id`)
) ENGINE=InnoDB DEFAULT CHARSET=utf8mb4 COLLATE=utf8mb4_0900_ai_ci;
/*!40101 SET character_set_client = @saved_cs_client */;

--
-- Dumping data for table `report`
--

LOCK TABLES `report` WRITE;
/*!40000 ALTER TABLE `report` DISABLE KEYS */;
INSERT INTO `report` VALUES ('0c14de28-f421-4087-908c-7244c3e6aa94','2026-03-28 21:28:26.415253','2026-03-28 21:28:26.415253','2026-03-28 21:28:26.408086',60,0,'00b34c47-c683-4d42-8357-b87d449478fb'),('7da47700-708a-4f1a-8c88-0dd869b75f57','2026-03-28 17:40:09.816216','2026-03-28 17:40:09.816216','2026-03-28 17:40:09.815247',60,5,'1b9a45e2-8c99-4b48-be59-4ecdadc5dac3'),('96ab7553-8911-4d79-8f8b-8fb32701627c','2026-03-28 07:12:05.106326','2026-03-28 07:12:05.106326','2026-03-28 07:12:05.097228',60,4,'be5489cd-cb62-4102-875e-996d2a6b1400'),('ae6bae79-1cf7-41b9-968e-9e1e599a5886','2026-03-28 06:40:58.841508','2026-03-28 06:40:58.841508','2026-03-28 06:40:58.832492',60,3,'c91d1602-8824-4fe5-81c9-25ff73bbe7da');
/*!40000 ALTER TABLE `report` ENABLE KEYS */;
UNLOCK TABLES;

--
-- Table structure for table `report_item`
--

DROP TABLE IF EXISTS `report_item`;
/*!40101 SET @saved_cs_client     = @@character_set_client */;
/*!50503 SET character_set_client = utf8mb4 */;
CREATE TABLE `report_item` (
  `item_id` varchar(36) NOT NULL,
  `created_at` datetime(6) NOT NULL,
  `updated_at` datetime(6) NOT NULL,
  `after_crop_s3_url` varchar(255) DEFAULT NULL,
  `after_log_id` varchar(100) NOT NULL,
  `before_crop_s3_url` varchar(255) DEFAULT NULL,
  `before_log_id` varchar(100) DEFAULT NULL,
  `car_part` varchar(100) NOT NULL,
  `diff_score` double NOT NULL,
  `is_new_scratch` bit(1) NOT NULL,
  `similarity` double NOT NULL,
  `warning` bit(1) NOT NULL,
  `report_id` varchar(36) NOT NULL,
  PRIMARY KEY (`item_id`),
  KEY `FKpa84bvi9436sge514nidcrgvd` (`report_id`),
  CONSTRAINT `FKpa84bvi9436sge514nidcrgvd` FOREIGN KEY (`report_id`) REFERENCES `report` (`report_id`)
) ENGINE=InnoDB DEFAULT CHARSET=utf8mb4 COLLATE=utf8mb4_0900_ai_ci;
/*!40101 SET character_set_client = @saved_cs_client */;

--
-- Dumping data for table `report_item`
--

LOCK TABLES `report_item` WRITE;
/*!40000 ALTER TABLE `report_item` DISABLE KEYS */;
INSERT INTO `report_item` VALUES ('12e8084d-55f7-47b9-8add-32193821f88a','2026-03-28 17:40:09.819638','2026-03-28 17:40:09.819638','https://d11c1pk5qwkk9f.cloudfront.net/crops/8a572a10-bba3-4271-b7bc-192939229a5a.jpg','b8a8bffb-fef3-4c2d-a5a2-462998467e99',NULL,NULL,'front',100,_binary '\0',0,_binary '','7da47700-708a-4f1a-8c88-0dd869b75f57'),('4528a09f-6ea6-45b4-a9d3-b29faaf3a483','2026-03-28 17:40:09.818809','2026-03-28 17:40:09.818809','https://d11c1pk5qwkk9f.cloudfront.net/crops/86edf31d-f78e-404f-9a4d-e53cfe613dbb.jpg','8103f2d1-9261-4814-9517-6e3d7a28cd3d',NULL,NULL,'rear-left',100,_binary '',0,_binary '','7da47700-708a-4f1a-8c88-0dd869b75f57'),('47e7e98d-34f5-479e-b917-fe288419ca9c','2026-03-28 17:40:09.820691','2026-03-28 17:40:09.820691','https://d11c1pk5qwkk9f.cloudfront.net/crops/3e2ab394-2193-4f7f-9bdc-4528a913d14b.jpg','eed5f26f-11d0-4ad6-b4a0-868a5ed2ed66',NULL,NULL,'rear',100,_binary '\0',0,_binary '','7da47700-708a-4f1a-8c88-0dd869b75f57'),('48c62f4c-f216-4b3d-b967-fd7fe50905da','2026-03-28 17:40:09.817124','2026-03-28 17:40:09.817124','https://d11c1pk5qwkk9f.cloudfront.net/crops/36b90f64-76f6-401d-9387-f21487f410bd.jpg','13b3b31e-0d89-4d44-ad26-da220fefc9a0',NULL,NULL,'front-left',100,_binary '\0',0,_binary '','7da47700-708a-4f1a-8c88-0dd869b75f57'),('5171082f-44f6-41d0-9506-2caceaa049b3','2026-03-28 17:40:09.817967','2026-03-28 17:40:09.817967','https://d11c1pk5qwkk9f.cloudfront.net/crops/ce3a15db-50d4-41bf-8102-ee9ced3bc017.jpg','7c56cd74-8630-4493-831b-e1c9cfcfebe6',NULL,NULL,'front-right',100,_binary '\0',0,_binary '','7da47700-708a-4f1a-8c88-0dd869b75f57'),('7c514b06-074a-4485-8389-dff562f1bac4','2026-03-28 07:12:05.118847','2026-03-28 07:12:05.118847','https://d11c1pk5qwkk9f.cloudfront.net/crops/c9315d24-a8f4-48ee-8a08-b03f05c82a4b.jpg','3a82470e-c148-400f-89e7-ef9bb45f2b6a',NULL,NULL,'front-left',100,_binary '',0,_binary '','96ab7553-8911-4d79-8f8b-8fb32701627c'),('8f6cbe54-0e84-42e9-b634-9fa450ecfbac','2026-03-28 07:12:05.125774','2026-03-28 07:12:05.125774','https://d11c1pk5qwkk9f.cloudfront.net/crops/a08ede4c-2eaa-4640-9c80-ba34daae639c.jpg','d32a1de1-6f8b-41da-a805-4a97ce474ca9',NULL,NULL,'front-left',100,_binary '',0,_binary '','96ab7553-8911-4d79-8f8b-8fb32701627c'),('9b3c3c96-db4a-4019-94b6-2cde49edc310','2026-03-28 07:12:05.124557','2026-03-28 07:12:05.124557','https://d11c1pk5qwkk9f.cloudfront.net/crops/26ef79f1-2649-4204-8c0a-29fbf216e2fb.jpg','cbe12470-9401-4454-8037-af54130ba147',NULL,NULL,'rear-left',100,_binary '',0,_binary '','96ab7553-8911-4d79-8f8b-8fb32701627c'),('bf1eeff6-148f-469e-8dfb-201339372b4e','2026-03-28 06:40:58.858348','2026-03-28 06:40:58.858348','https://d11c1pk5qwkk9f.cloudfront.net/crops/67114099-ce57-484c-859e-0f34b76ed04f.jpg','874e765e-2482-4e53-8b18-eead4c0a3a43',NULL,NULL,'front-left',100,_binary '',0,_binary '','ae6bae79-1cf7-41b9-968e-9e1e599a5886'),('dee233a9-dac3-43e6-960a-f18d636814c8','2026-03-28 07:12:05.123175','2026-03-28 07:12:05.123175','https://d11c1pk5qwkk9f.cloudfront.net/crops/9928abf0-3b24-48cd-86f5-f269c4c05537.jpg','4fc1cb4f-23a5-4fd5-a5cc-ed915e8d2231',NULL,NULL,'rear',100,_binary '',0,_binary '','96ab7553-8911-4d79-8f8b-8fb32701627c'),('e82ea3a4-e569-47a2-a2a3-33daec548a3f','2026-03-28 06:40:58.853612','2026-03-28 06:40:58.853612','https://d11c1pk5qwkk9f.cloudfront.net/crops/e00809d1-50b9-474e-8c7a-ed1225a5ead5.jpg','424ad3af-6490-4435-b4cc-6f6df4a60c44',NULL,NULL,'rear-right',100,_binary '',0,_binary '','ae6bae79-1cf7-41b9-968e-9e1e599a5886'),('ee886515-29ae-4916-ab88-e7b186eab398','2026-03-28 06:40:58.857235','2026-03-28 06:40:58.857235','https://d11c1pk5qwkk9f.cloudfront.net/crops/f1d3d111-5f14-4ddc-8173-b6e2c0c3573b.jpg','5d79aedb-c09d-4ebe-aabc-03c752355600',NULL,NULL,'front-right',100,_binary '\0',0,_binary '','ae6bae79-1cf7-41b9-968e-9e1e599a5886');
/*!40000 ALTER TABLE `report_item` ENABLE KEYS */;
UNLOCK TABLES;

--
-- Table structure for table `reservation`
--

DROP TABLE IF EXISTS `reservation`;
/*!40101 SET @saved_cs_client     = @@character_set_client */;
/*!50503 SET character_set_client = utf8mb4 */;
CREATE TABLE `reservation` (
  `reservation_id` varchar(100) NOT NULL,
  `created_at` datetime(6) NOT NULL,
  `updated_at` datetime(6) NOT NULL,
  `after_scan_tx_hash` varchar(100) DEFAULT NULL,
  `before_scan_tx_hash` varchar(100) DEFAULT NULL,
  `deposit_status` enum('DEDUCTED','LOCKED','SAFE') DEFAULT NULL,
  `payment_tx_hash` varchar(100) DEFAULT NULL,
  `pickup_date` datetime(6) DEFAULT NULL,
  `return_date` datetime(6) DEFAULT NULL,
  `smart_contract_address` varchar(100) NOT NULL,
  `status` varchar(20) NOT NULL,
  `total_price` int DEFAULT NULL,
  `insurance_id` varchar(100) NOT NULL,
  `car_id` varchar(100) NOT NULL,
  `user_id` varchar(100) NOT NULL,
  PRIMARY KEY (`reservation_id`),
  KEY `FKfb1ksyejh8vskyo6bgiucynlw` (`insurance_id`),
  KEY `FK9ep4y5rv3ywamt5sr63fr1ksx` (`car_id`),
  KEY `FKt2yfgum16ip9o1j4lukpkvo8c` (`user_id`),
  CONSTRAINT `FK9ep4y5rv3ywamt5sr63fr1ksx` FOREIGN KEY (`car_id`) REFERENCES `owned_car` (`car_id`),
  CONSTRAINT `FKfb1ksyejh8vskyo6bgiucynlw` FOREIGN KEY (`insurance_id`) REFERENCES `insurance` (`insurance_id`),
  CONSTRAINT `FKt2yfgum16ip9o1j4lukpkvo8c` FOREIGN KEY (`user_id`) REFERENCES `renter` (`user_id`)
) ENGINE=InnoDB DEFAULT CHARSET=utf8mb4 COLLATE=utf8mb4_0900_ai_ci;
/*!40101 SET character_set_client = @saved_cs_client */;

--
-- Dumping data for table `reservation`
--

LOCK TABLES `reservation` WRITE;
/*!40000 ALTER TABLE `reservation` DISABLE KEYS */;
INSERT INTO `reservation` VALUES ('0032a55f-8df5-47d8-8f9c-8d6d9d8bb2a5','2026-03-27 13:27:16.326158','2026-03-27 16:43:59.924990',NULL,NULL,'SAFE','0x725c8361785875f7bb1c6d4704710d9a5b3bdbab6df0862bbf6d3e1cfa9e0305','2026-03-27 01:00:00.000000','2026-03-30 10:00:00.000000','','COMPLETED',52000,'ins-005','1a2c7e8a-1a04-4962-8d11-dae6a541ff74','2e68f23e-1c44-4ae5-a32a-c8b5e8deec76'),('00b34c47-c683-4d42-8357-b87d449478fb','2026-03-28 21:09:36.645551','2026-03-28 21:28:26.400774',NULL,NULL,'SAFE','0xa3266cf3d5bdaa1af995a22bdfc3f603721bb4e20cdc5e1c478e19da88803f2b','2026-03-28 09:00:00.000000','2026-03-29 10:00:00.000000','','COMPLETED',32000,'ins-005','5a6e250c-bd12-468b-ae69-da5327419ed6','2e68f23e-1c44-4ae5-a32a-c8b5e8deec76'),('02797968-1f71-4f55-84b1-00e0b1a93f14','2026-03-26 17:42:27.696937','2026-03-26 22:29:04.179684',NULL,NULL,'SAFE','0x6785ab367442497600ad2602cb62dadcf48e91db447548042d3cc63230113bd1','2026-03-26 03:00:00.000000','2026-03-28 10:00:00.000000','','COMPLETED',42000,'ins-005','40fe616f-093e-4ad6-af90-b1730b3e60f6','82802869-3e13-4003-9281-2a7c45506d5d'),('03a04592-f2cb-4d26-b29b-7fe7100fb4c4','2026-03-27 13:26:46.499684','2026-03-28 03:26:20.878134',NULL,NULL,'SAFE','0x2437d1a64aee2a5b24205658e48bacf21d9054003836c3bd1a8b835354f5ec4d','2026-03-27 02:00:00.000000','2026-03-28 10:00:00.000000','','IN_USE',32000,'ins-005','1a2c7e8a-1a04-4962-8d11-dae6a541ff74','82802869-3e13-4003-9281-2a7c45506d5d'),('10659d45-c57c-43df-9424-554cc2601cda','2026-03-27 10:34:56.906004','2026-03-27 10:36:29.791581',NULL,NULL,'SAFE','0x43f2dcbec248c21c65130b2a241fae86289184220aab742b41fc9d218a2b4f8e','2026-03-27 10:00:00.000000','2026-03-28 10:00:00.000000','','COMPLETED',32000,'ins-005','40fe616f-093e-4ad6-af90-b1730b3e60f6','82802869-3e13-4003-9281-2a7c45506d5d'),('129b2e33-6678-4886-b91c-f93d2e3a4079','2026-03-27 00:07:07.041757','2026-03-27 00:37:00.655001',NULL,NULL,'SAFE','0xeecc1a5c3c2195823390902a3db55b16edc52912a0e725fc3ff0ba8e2cb02eb8','2026-03-26 03:00:00.000000','2026-03-27 10:00:00.000000','','COMPLETED',32000,'ins-005','1a2c7e8a-1a04-4962-8d11-dae6a541ff74','82802869-3e13-4003-9281-2a7c45506d5d'),('1b9a45e2-8c99-4b48-be59-4ecdadc5dac3','2026-03-28 17:25:26.376005','2026-03-28 17:40:09.002758',NULL,NULL,'LOCKED','0xa9c2ddd61c5fd0e2144f456ba5b9dd5aa3b4a535c1a7038ba550159f9d50d7c5','2026-03-28 17:00:00.000000','2026-03-29 10:00:00.000000','','COMPLETED',32000,'ins-005','40fe616f-093e-4ad6-af90-b1730b3e60f6','82802869-3e13-4003-9281-2a7c45506d5d'),('243a29f1-144e-46da-ba81-af9c7ced5788','2026-03-27 11:26:07.415383','2026-03-27 16:04:31.527793',NULL,NULL,'LOCKED','0x4ce8630484a2f0d8f5e23ab351db36692d4f337aadeed9984684eca6eea031f4','2026-03-27 03:00:00.000000','2026-03-28 10:00:00.000000','','COMPLETED',32000,'ins-005','40fe616f-093e-4ad6-af90-b1730b3e60f6','82802869-3e13-4003-9281-2a7c45506d5d'),('27ba3a5c-2235-44b0-a499-5e70f21ac82e','2026-03-28 21:38:56.924348','2026-03-28 21:39:29.471143',NULL,NULL,'SAFE','0x88c8337a95f98e68cf7a51651c8b341eb7bba9d4cef03dcac26fbca29ccc6f37','2026-03-28 10:00:00.000000','2026-03-29 10:00:00.000000','','IN_USE',32000,'ins-005','8df575e2-146f-41fe-958f-1088b27ccd38','2e68f23e-1c44-4ae5-a32a-c8b5e8deec76'),('31f86bcb-471d-42fc-9184-51205da83064','2026-03-27 16:30:16.553612','2026-03-27 16:42:16.072234',NULL,NULL,'SAFE','0x8ab798551ac100b1c05c9b7ee32b2a8384c70bd3879c6ade76f699e66715512d','2026-03-27 17:00:00.000000','2026-03-31 10:00:00.000000','','COMPLETED',62000,'ins-005','40fe616f-093e-4ad6-af90-b1730b3e60f6','44a77c1d-349d-49b6-9b3f-9fdba5ff4eee'),('3692e9a4-2538-4fa4-9b28-c00746402ec3','2026-03-27 10:06:46.101307','2026-03-27 10:53:41.593474',NULL,NULL,'SAFE','0xf54823bebb85aaf0cc244440e7af17b7bf9f4235ef9e9ec4ffadffdd3c60382e','2026-03-27 10:00:00.000000','2026-03-28 10:00:00.000000','','COMPLETED',32000,'ins-005','40fe616f-093e-4ad6-af90-b1730b3e60f6','44a77c1d-349d-49b6-9b3f-9fdba5ff4eee'),('36f102c0-65db-430e-a038-23f2ad5230f4','2026-03-26 17:34:06.941332','2026-03-27 10:37:00.591295',NULL,NULL,'SAFE','0x6cdc0f21ac23c8e8c870cdae132374d78fd22d73675e5eb4154f0655693efedc','2026-03-26 03:00:00.000000','2026-03-28 10:00:00.000000','','COMPLETED',42000,'ins-005','40fe616f-093e-4ad6-af90-b1730b3e60f6','82802869-3e13-4003-9281-2a7c45506d5d'),('3c16d4b5-89d7-479b-bb97-17500eee476a','2026-03-28 21:45:35.927495','2026-03-28 21:45:35.927495',NULL,NULL,'SAFE','0xb5a4a5c3e0fa51ea44cd05bb8cbc671df32b4d76011100d7dd9dab855bcff32a','2026-03-28 03:00:00.000000','2026-03-29 10:00:00.000000','','RESERVED',32000,'ins-005','d8e93a71-18e0-4772-8620-1631268f6530','2e68f23e-1c44-4ae5-a32a-c8b5e8deec76'),('5cec0826-7d20-4091-a7d1-531e99be46a3','2026-03-27 16:06:56.086421','2026-03-27 16:32:53.014276',NULL,NULL,'LOCKED','0x2bf754fee3490bff35dd206cd26f722cf83442f911db3ce342e8364061deb1f2','2026-03-27 16:00:00.000000','2026-03-28 17:00:00.000000','','COMPLETED',32000,'ins-005','40fe616f-093e-4ad6-af90-b1730b3e60f6','2e68f23e-1c44-4ae5-a32a-c8b5e8deec76'),('6477b5cd-cd3f-445f-8d41-806c7cdc39e1','2026-03-27 10:38:27.179491','2026-03-27 10:40:32.149920',NULL,NULL,'SAFE','0xca705ed8645fef46395346fc9042d9216e90770e14734e9a971fcb536b6eecc0','2026-03-27 09:00:00.000000','2026-03-28 10:00:00.000000','','COMPLETED',32000,'ins-005','40fe616f-093e-4ad6-af90-b1730b3e60f6','82802869-3e13-4003-9281-2a7c45506d5d'),('6675f47b-e272-4f40-871e-d3baf25358f0','2026-03-27 10:32:17.291990','2026-03-27 10:36:45.771147',NULL,NULL,'SAFE','0xf688fc91293fa0022c09f746f7e88f6b867d258f884b4d887cba303e7b91d757','2026-03-27 10:00:00.000000','2026-03-28 10:00:00.000000','','COMPLETED',32000,'ins-005','40fe616f-093e-4ad6-af90-b1730b3e60f6','82802869-3e13-4003-9281-2a7c45506d5d'),('71b4c4f4-6713-49c3-ad1c-9dce80724048','2026-03-27 15:25:27.252040','2026-03-27 15:51:42.748151',NULL,NULL,'SAFE','0x2b4777add32778a91f4d741243f05cbc38eb655f1abc63d432e9c9325dd0eff4','2026-03-27 08:00:00.000000','2026-03-28 10:00:00.000000','','COMPLETED',32000,'ins-005','40fe616f-093e-4ad6-af90-b1730b3e60f6','82802869-3e13-4003-9281-2a7c45506d5d'),('8ddbddd4-d9c9-4165-ab4d-dc6eb97614d3','2026-03-28 16:38:37.280843','2026-03-28 16:39:14.254255',NULL,NULL,'SAFE','0x57ec3ebb58aca8c44651de2fa7a3fc7ee4c31efabb272ece9692fec6f22d7d76','2026-03-28 17:00:00.000000','2026-03-31 10:00:00.000000','','IN_USE',52000,'ins-005','5a6e250c-bd12-468b-ae69-da5327419ed6','2e68f23e-1c44-4ae5-a32a-c8b5e8deec76'),('92043afe-cfc6-44c6-8108-24175ed4931c','2026-03-26 12:38:57.865617','2026-03-26 15:03:09.222886',NULL,NULL,'SAFE','0xa7e083b233af36cbfc0ed3c3b466c23583e128ad3790bd7c5513fe3dc2ffea8c','2026-03-26 03:40:00.000000','2026-03-27 10:00:00.000000','','COMPLETED',22000,'ins-005','1a2c7e8a-1a04-4962-8d11-dae6a541ff74','82802869-3e13-4003-9281-2a7c45506d5d'),('9244b5cc-6ea1-4d1f-bc75-d2be717e1277','2026-03-27 17:33:06.251424','2026-03-27 17:38:34.710967',NULL,NULL,'SAFE','0xfd51a6749295e754979ccda66bbd138d7615bcf2ed53add7444a6a5f5037f0d2','2026-03-27 10:30:00.000000','2026-03-28 10:00:00.000000','','IN_USE',32000,'ins-005','40fe616f-093e-4ad6-af90-b1730b3e60f6','82802869-3e13-4003-9281-2a7c45506d5d'),('9e0f91b2-d8e0-4464-bf80-3f4e61303457','2026-03-27 11:03:26.374502','2026-03-27 11:12:52.955437',NULL,NULL,'SAFE','0x5685ba6dfa834cb3c29a5f59782e821afb5509269634b787ec9eeadec0013538','2026-03-27 12:00:00.000000','2026-03-28 10:00:00.000000','','COMPLETED',32000,'ins-005','1a2c7e8a-1a04-4962-8d11-dae6a541ff74','82802869-3e13-4003-9281-2a7c45506d5d'),('a3802880-043b-4fc2-8b55-4b17188fe552','2026-03-28 05:26:46.588179','2026-03-28 05:26:59.993852',NULL,NULL,'SAFE','0x15ddba7f30cae34e2aece6d412802c0256f8c842103fd9c31acfba37a024b554','2026-03-28 00:00:00.000000','2026-03-29 10:00:00.000000','','IN_USE',32000,'ins-005','40fe616f-093e-4ad6-af90-b1730b3e60f6','82802869-3e13-4003-9281-2a7c45506d5d'),('b5d7913a-199a-4d5e-bbdd-efb4725440cc','2026-03-27 10:36:17.279554','2026-03-27 10:36:52.890895',NULL,NULL,'SAFE','0x58634cb3b0a7c52f0493e2d9f546a603e201cc25388699f6381155d020d00df4','2026-03-27 10:00:00.000000','2026-03-28 10:00:00.000000','','COMPLETED',32000,'ins-005','40fe616f-093e-4ad6-af90-b1730b3e60f6','82802869-3e13-4003-9281-2a7c45506d5d'),('bca8096e-ea98-4f3e-86ca-a66f7ae5be95','2026-03-27 11:38:56.976032','2026-03-27 15:20:23.106941',NULL,NULL,'SAFE','0x62ca5736e00ccd91df4d045114619ba39f14e5b06f527a4f8fa66d16f471ad3c','2026-03-27 11:00:00.000000','2026-03-28 10:00:00.000000','','COMPLETED',32000,'ins-005','40fe616f-093e-4ad6-af90-b1730b3e60f6','82802869-3e13-4003-9281-2a7c45506d5d'),('be5489cd-cb62-4102-875e-996d2a6b1400','2026-03-28 06:02:16.783624','2026-03-28 07:12:05.063676',NULL,NULL,'SAFE','0x1a62d46c29c1d308e7f4a80ffba84a1aa5c6df8705fdbc608fb7eeaa4cd69c64','2026-03-28 00:00:00.000000','2026-03-29 10:00:00.000000','','COMPLETED',32000,'ins-005','40fe616f-093e-4ad6-af90-b1730b3e60f6','82802869-3e13-4003-9281-2a7c45506d5d'),('c54ad18a-b875-4f87-9e80-fbb1d299a42a','2026-03-26 16:22:36.946492','2026-03-26 17:29:26.773695',NULL,NULL,'LOCKED','0x78a6d745b67fabc6ce255c6f685d4c45307df50ad02f85896f628a20ea8aaf42','2026-03-26 03:00:00.000000','2026-03-28 10:00:00.000000','','COMPLETED',42000,'ins-005','40fe616f-093e-4ad6-af90-b1730b3e60f6','82802869-3e13-4003-9281-2a7c45506d5d'),('c91d1602-8824-4fe5-81c9-25ff73bbe7da','2026-03-28 06:33:16.867188','2026-03-28 06:40:58.212614',NULL,NULL,'SAFE','0x9ff72516efe490cddd8c0cfdc529510363800badd5436348d8a4a4a6a49d37d7','2026-03-28 02:00:00.000000','2026-03-29 10:00:00.000000','','COMPLETED',32000,'ins-005','40fe616f-093e-4ad6-af90-b1730b3e60f6','82802869-3e13-4003-9281-2a7c45506d5d'),('d15e4bba-6841-4cc7-a46b-dea924268a77','2026-03-27 12:24:57.543157','2026-03-27 16:09:27.101063',NULL,NULL,'SAFE','0x03f28a2fff89fe5a56d5c61ff8d329843bb59c3646b31e80301f99953f521359','2026-03-27 03:00:00.000000','2026-03-28 10:00:00.000000','','IN_USE',32000,'ins-005','1a2c7e8a-1a04-4962-8d11-dae6a541ff74','82802869-3e13-4003-9281-2a7c45506d5d'),('d3ae206e-458f-4411-9860-6a4743d05c73','2026-03-27 13:19:17.657405','2026-03-27 16:12:42.162747',NULL,NULL,'SAFE','0xf965605ad0711111ccfcd7845eac0cc0ab0de466ed662c7decb794754a2b03f2','2026-03-27 04:00:00.000000','2026-03-28 10:00:00.000000','','COMPLETED',32000,'ins-005','40fe616f-093e-4ad6-af90-b1730b3e60f6','44a77c1d-349d-49b6-9b3f-9fdba5ff4eee'),('d6ad9e41-0b06-4a5b-a582-1ae97ae72471','2026-03-26 23:11:07.543873','2026-03-26 23:45:03.636966',NULL,NULL,'SAFE','0x024b7cb5fc6be78bf6e651643e67dbfff9c34b289d6125f7c07ffccda10d344b','2026-03-26 10:00:00.000000','2026-03-28 10:00:00.000000','','COMPLETED',42000,'ins-005','40fe616f-093e-4ad6-af90-b1730b3e60f6','82802869-3e13-4003-9281-2a7c45506d5d'),('ddaac7cc-eeb2-4ffa-908a-9b058935c795','2026-03-27 17:07:06.076855','2026-03-27 17:21:04.452718',NULL,NULL,'SAFE','0x181d00585232b09741d4b24f70bd135a76473e1ddd01d25e6016693c4b07ed32','2026-03-27 03:00:00.000000','2026-03-28 10:00:00.000000','','AFTER_SCAN',32000,'ins-005','1a2c7e8a-1a04-4962-8d11-dae6a541ff74','44a77c1d-349d-49b6-9b3f-9fdba5ff4eee'),('deff5ec3-6cd4-41cb-9af3-ae8b5cae6303','2026-03-27 12:06:36.740612','2026-03-27 12:18:37.521035',NULL,NULL,'SAFE','0x095a6b5e62bf2eef096dd7733a61bbfd8ba5516277bac2a84f575170f8e4f3be','2026-03-27 12:00:00.000000','2026-03-28 10:00:00.000000','','COMPLETED',32000,'ins-005','1a2c7e8a-1a04-4962-8d11-dae6a541ff74','82802869-3e13-4003-9281-2a7c45506d5d'),('df00ea6a-a503-4041-87d3-dbfabb960ae8','2026-03-28 18:45:17.294205','2026-03-28 18:45:17.294205',NULL,NULL,'SAFE','0x0c4085a3dbbf761a33d57093db3f2f199948a91c3d8d85c6bd258afc833f267d','2026-03-28 02:00:00.000000','2026-03-29 10:00:00.000000','','RESERVED',32000,'ins-005','40fe616f-093e-4ad6-af90-b1730b3e60f6','82802869-3e13-4003-9281-2a7c45506d5d'),('e2190d3f-167d-4198-b6c4-c8c238ac34fa','2026-03-27 16:31:37.285584','2026-03-27 16:48:18.773615',NULL,NULL,'SAFE','0xd43caad5ec9391d781f41c46e25e190ece64637693fd23e62f5ef120f82249e0','2026-03-27 01:00:00.000000','2026-03-28 10:00:00.000000','','COMPLETED',32000,'ins-005','1a2c7e8a-1a04-4962-8d11-dae6a541ff74','2e68f23e-1c44-4ae5-a32a-c8b5e8deec76'),('e80fe541-2d4c-4538-8fe3-facbf6aaa0b7','2026-03-27 08:53:56.661254','2026-03-27 10:53:51.633021',NULL,NULL,'SAFE','0xee3f5dc9218049871122c6a9efbb72e01d816b91f7ddece49923e155d72e3927','2026-03-27 08:00:00.000000','2026-03-28 10:00:00.000000','','COMPLETED',32000,'ins-005','40fe616f-093e-4ad6-af90-b1730b3e60f6','44a77c1d-349d-49b6-9b3f-9fdba5ff4eee'),('ef2342aa-b2b7-426e-9f17-cd3d6b8a30e6','2026-03-27 10:38:37.802800','2026-03-27 15:28:15.724357',NULL,NULL,'SAFE','0x3987b8740a66d2e452e66d8236025c8460051668bafc1e4e6498d38dbe8b77f4','2026-03-27 09:00:00.000000','2026-03-28 10:00:00.000000','','COMPLETED',32000,'ins-005','40fe616f-093e-4ad6-af90-b1730b3e60f6','82802869-3e13-4003-9281-2a7c45506d5d'),('f10acb63-a442-40ac-8ec9-f00d26d3726e','2026-03-26 12:41:56.703291','2026-03-26 15:04:01.367198',NULL,NULL,'SAFE','0xb87187dae4d3bf7f14ad4cd8e5a48df4660ba23ea2722bad7a2cd2d161403e80','2026-03-26 03:39:44.039000','2026-03-27 03:39:44.039000','','COMPLETED',20000,'ins-001','1a2c7e8a-1a04-4962-8d11-dae6a541ff74','82802869-3e13-4003-9281-2a7c45506d5d'),('f3922f82-4c3b-4b87-8828-4e122a128cba','2026-03-27 16:20:17.684857','2026-03-27 16:27:34.686137',NULL,NULL,'SAFE','0x5b2a93ea6e07118d7517529199bceac1e4fc72f9e50e352c49a9232e075bfe11','2026-03-27 01:00:00.000000','2026-03-31 10:00:00.000000','','COMPLETED',62000,'ins-005','40fe616f-093e-4ad6-af90-b1730b3e60f6','44a77c1d-349d-49b6-9b3f-9fdba5ff4eee'),('f87acbea-1a91-4961-8b11-5f5510a84dbd','2026-03-26 14:57:07.754895','2026-03-27 10:37:55.668527',NULL,NULL,'SAFE','0x2ad1fc94a8a23f7c0cf763e94b9a2a3480214161abce10bba68cdbbdf54ffc32','2026-03-26 03:00:00.000000','2026-03-27 10:00:00.000000','','COMPLETED',13333,'ins-005','40fe616f-093e-4ad6-af90-b1730b3e60f6','82802869-3e13-4003-9281-2a7c45506d5d'),('ffb96a31-062c-41d2-b928-92723109866b','2026-03-26 15:55:46.930857','2026-03-28 03:31:51.999808',NULL,NULL,'SAFE','0x2dcefe054853c634c057998ad351dad440f5876503eea94c455b8cec40ee9d0a','2026-03-26 02:00:00.000000','2026-03-28 10:00:00.000000','','IN_USE',14366,'ins-005','1a2c7e8a-1a04-4962-8d11-dae6a541ff74','82802869-3e13-4003-9281-2a7c45506d5d');
/*!40000 ALTER TABLE `reservation` ENABLE KEYS */;
UNLOCK TABLES;

--
-- Table structure for table `review`
--

DROP TABLE IF EXISTS `review`;
/*!40101 SET @saved_cs_client     = @@character_set_client */;
/*!50503 SET character_set_client = utf8mb4 */;
CREATE TABLE `review` (
  `review_id` varchar(100) NOT NULL,
  `created_at` datetime(6) NOT NULL,
  `updated_at` datetime(6) NOT NULL,
  `content` text NOT NULL,
  `rating` int NOT NULL,
  `car_id` varchar(100) NOT NULL,
  `reservation_id` varchar(100) NOT NULL,
  PRIMARY KEY (`review_id`),
  KEY `FKi0yjsxrpowgvbvtmsmrmyqfga` (`car_id`),
  KEY `FK7tyi0jd0eaphyr0gsvfjqww9i` (`reservation_id`),
  CONSTRAINT `FK7tyi0jd0eaphyr0gsvfjqww9i` FOREIGN KEY (`reservation_id`) REFERENCES `reservation` (`reservation_id`),
  CONSTRAINT `FKi0yjsxrpowgvbvtmsmrmyqfga` FOREIGN KEY (`car_id`) REFERENCES `owned_car` (`car_id`)
) ENGINE=InnoDB DEFAULT CHARSET=utf8mb4 COLLATE=utf8mb4_0900_ai_ci;
/*!40101 SET character_set_client = @saved_cs_client */;

--
-- Dumping data for table `review`
--

LOCK TABLES `review` WRITE;
/*!40000 ALTER TABLE `review` DISABLE KEYS */;
/*!40000 ALTER TABLE `review` ENABLE KEYS */;
UNLOCK TABLES;

--
-- Table structure for table `scratch`
--

DROP TABLE IF EXISTS `scratch`;
/*!40101 SET @saved_cs_client     = @@character_set_client */;
/*!50503 SET character_set_client = utf8mb4 */;
CREATE TABLE `scratch` (
  `log_id` varchar(100) NOT NULL,
  `created_at` datetime(6) NOT NULL,
  `updated_at` datetime(6) NOT NULL,
  `car_part` varchar(255) NOT NULL,
  `coord_x` float NOT NULL,
  `coord_y` float NOT NULL,
  `crop_s3_url` varchar(255) NOT NULL,
  `is_disputed` bit(1) NOT NULL,
  `is_manual` bit(1) NOT NULL,
  `log_type` varchar(50) NOT NULL,
  `original_s3_url` varchar(255) NOT NULL,
  `proof_ipfs_cid` varchar(255) DEFAULT NULL,
  `car_id` varchar(100) NOT NULL,
  `reservation_id` varchar(100) NOT NULL,
  `ai_before_log_id` varchar(100) DEFAULT NULL,
  `ai_diff_score` double DEFAULT NULL,
  `ai_similarity` double DEFAULT NULL,
  `ai_before_crop_s3_url` varchar(255) DEFAULT NULL,
  PRIMARY KEY (`log_id`),
  KEY `FKpcl6r8qej4k56b2ip50c9ag9w` (`car_id`),
  KEY `FKbxj1fse23cjfagtdxofy0ib51` (`reservation_id`),
  CONSTRAINT `FKbxj1fse23cjfagtdxofy0ib51` FOREIGN KEY (`reservation_id`) REFERENCES `reservation` (`reservation_id`),
  CONSTRAINT `FKpcl6r8qej4k56b2ip50c9ag9w` FOREIGN KEY (`car_id`) REFERENCES `owned_car` (`car_id`)
) ENGINE=InnoDB DEFAULT CHARSET=utf8mb4 COLLATE=utf8mb4_0900_ai_ci;
/*!40101 SET character_set_client = @saved_cs_client */;

--
-- Dumping data for table `scratch`
--

LOCK TABLES `scratch` WRITE;
/*!40000 ALTER TABLE `scratch` DISABLE KEYS */;
INSERT INTO `scratch` VALUES ('04157a6e-820a-4213-b69a-7a901eb779f8','2026-03-27 16:25:13.238248','2026-03-27 16:25:13.238248','front-left',0,54,'https://d11c1pk5qwkk9f.cloudfront.net/crops/baa501ed-aedf-4c08-a93e-dd6df2ddd499.jpg',_binary '\0',_binary '\0','BEFORE','https://d11c1pk5qwkk9f.cloudfront.net/originals/950d9250-b07c-4953-9ecf-034425c794d9.jpg','QmbxmKtCAkgLgbUgBDBcChSm92kkUi8Gjn7ySJKcUqBuDc','40fe616f-093e-4ad6-af90-b1730b3e60f6','f3922f82-4c3b-4b87-8828-4e122a128cba',NULL,NULL,NULL,NULL),('04538a05-7130-4377-84b4-c63bb37625c6','2026-03-27 16:32:25.149625','2026-03-27 16:32:25.149625','rear-left',89,175,'https://d11c1pk5qwkk9f.cloudfront.net/crops/69e07b5e-157d-4d00-b88b-79cc708bedb9.jpg',_binary '\0',_binary '\0','BEFORE','https://d11c1pk5qwkk9f.cloudfront.net/originals/2d0432dd-f020-4e51-b694-71e3404c6504.jpg','QmancyvsyQEFQnH6kAA66WZT8vHms4M7xuvsYnpwFbhKJB','40fe616f-093e-4ad6-af90-b1730b3e60f6','5cec0826-7d20-4091-a7d1-531e99be46a3',NULL,NULL,NULL,NULL),('04bfb32f-5a92-4c80-977a-ba3e61fc62f3','2026-03-27 13:39:37.151955','2026-03-27 13:39:37.151955','rear-left',221,131,'https://d11c1pk5qwkk9f.cloudfront.net/crops/eee59ec4-56dd-4edb-8e1e-bbb736e05542.jpg',_binary '\0',_binary '\0','BEFORE','https://d11c1pk5qwkk9f.cloudfront.net/originals/1a3ebc1c-4806-4db3-968e-3c40f862be85.jpg','QmYhJa1ThRGXJKfevR9k2bzxJboVMtCnkNSnmfH2hS9Ap6','1a2c7e8a-1a04-4962-8d11-dae6a541ff74','0032a55f-8df5-47d8-8f9c-8d6d9d8bb2a5',NULL,NULL,NULL,NULL),('054c019a-bd22-43a2-b14d-42da851fe4d8','2026-03-27 11:08:31.328536','2026-03-27 11:08:31.328536','rear-left',13,385,'https://d11c1pk5qwkk9f.cloudfront.net/crops/680cbbb2-4dab-4b48-ad15-3b9ede3c19e4.jpg',_binary '\0',_binary '\0','BEFORE','https://d11c1pk5qwkk9f.cloudfront.net/originals/a52dc4c6-25a9-47dd-9167-bf4f9389be7b.jpg','QmNpivtziKmTAZoAnZKHewuFBFfwUfSK9k9pVdW3p7Sreu','1a2c7e8a-1a04-4962-8d11-dae6a541ff74','9e0f91b2-d8e0-4464-bf80-3f4e61303457',NULL,NULL,NULL,NULL),('063f32b3-ca36-4ddb-8e87-6df238ae6166','2026-03-27 15:58:26.738136','2026-03-27 15:58:26.738136','front-right',79,279,'https://d11c1pk5qwkk9f.cloudfront.net/crops/3a86a33d-376b-446f-a9f1-5d95cb353342.jpg',_binary '\0',_binary '\0','BEFORE','https://d11c1pk5qwkk9f.cloudfront.net/originals/1134db44-f666-460d-a3a3-78ec94882496.jpg','QmP7ezq23ZGnc2V36zoadX67jd5aC29XgfuBH3uDxKP7L5','40fe616f-093e-4ad6-af90-b1730b3e60f6','243a29f1-144e-46da-ba81-af9c7ced5788',NULL,NULL,NULL,NULL),('09796ffa-a66d-4bd1-92e9-69bdbdca8fa7','2026-03-27 13:32:31.409767','2026-03-27 13:32:31.409767','rear',43,255,'https://d11c1pk5qwkk9f.cloudfront.net/crops/7fa73a46-9545-46b1-b724-ba5587989b18.jpg',_binary '\0',_binary '\0','BEFORE','https://d11c1pk5qwkk9f.cloudfront.net/originals/879f1124-4cb3-4cc5-9066-cac911a0bffd.jpg','QmanJG6XgSpiUp3LxrWmAnmoRjc57yxByBuBYVS8kwsrcM','1a2c7e8a-1a04-4962-8d11-dae6a541ff74','0032a55f-8df5-47d8-8f9c-8d6d9d8bb2a5',NULL,NULL,NULL,NULL),('0c9aec47-3018-4883-bcdb-a4b0ad767ff1','2026-03-26 16:23:54.259335','2026-03-26 16:23:54.259335','front-right',229,145,'https://d11c1pk5qwkk9f.cloudfront.net/crops/f4ef05df-b216-4e08-bc8c-2b5cafcde40a.jpg',_binary '\0',_binary '\0','BEFORE','https://d11c1pk5qwkk9f.cloudfront.net/originals/b707888b-b76b-4161-9abc-94244c1f6e9d.jpg','QmNgk2gJ6AAHM1kgmVezHF9c62SVMdfVN9WKba86dvnD2t','40fe616f-093e-4ad6-af90-b1730b3e60f6','c54ad18a-b875-4f87-9e80-fbb1d299a42a',NULL,NULL,NULL,NULL),('0ce766e2-9581-4791-a0d4-55bbedf1a458','2026-03-27 11:08:44.813945','2026-03-27 11:08:44.813945','rear',80,350,'https://d11c1pk5qwkk9f.cloudfront.net/crops/7bbdb86a-cf10-4b77-b394-e9588ca4ea79.jpg',_binary '\0',_binary '\0','BEFORE','https://d11c1pk5qwkk9f.cloudfront.net/originals/edc98bd4-59e9-4b4e-bdae-aafc3d38dc08.jpg','QmPqTCmvS82U3oJs42aMb6bCFBExgsJmGo66ubXaTX9nMn','1a2c7e8a-1a04-4962-8d11-dae6a541ff74','9e0f91b2-d8e0-4464-bf80-3f4e61303457',NULL,NULL,NULL,NULL),('0f144ae2-1d45-42e2-9fd0-81c395d5deb4','2026-03-27 13:41:43.843007','2026-03-27 13:41:43.843007','rear-left',0,514,'https://d11c1pk5qwkk9f.cloudfront.net/crops/1286bb57-03cd-4e90-9e0b-b74cfe286af1.jpg',_binary '\0',_binary '\0','BEFORE','https://d11c1pk5qwkk9f.cloudfront.net/originals/08e6dbeb-4bf2-48cb-a4ab-735a195d9134.jpg','QmccSUAwQbA6odiU8eYsxGBPRKKt6M92ec9VHQt8zEL4Xj','1a2c7e8a-1a04-4962-8d11-dae6a541ff74','0032a55f-8df5-47d8-8f9c-8d6d9d8bb2a5',NULL,NULL,NULL,NULL),('0fb885e7-7399-48da-a61a-97480c18751b','2026-03-27 17:15:27.890512','2026-03-27 17:15:27.890512','front-right',116,115,'https://d11c1pk5qwkk9f.cloudfront.net/crops/262957db-3d11-4fc1-bd08-45766576a182.jpg',_binary '\0',_binary '\0','BEFORE','https://d11c1pk5qwkk9f.cloudfront.net/originals/5d0561f9-b599-4984-baaa-75ad07fe61f6.jpg','QmZNpTn9kwR2KLuZ5zNHm8Jbq9NzcDBcWg83bW1Atys3M3','1a2c7e8a-1a04-4962-8d11-dae6a541ff74','ddaac7cc-eeb2-4ffa-908a-9b058935c795',NULL,NULL,NULL,NULL),('11abda3a-026f-41e2-bd8b-e54f20cc5200','2026-03-27 13:38:46.207086','2026-03-27 13:38:46.207086','rear-right',119,435,'https://d11c1pk5qwkk9f.cloudfront.net/crops/f44f77df-c068-494c-bcaa-a9ca237139ef.jpg',_binary '\0',_binary '\0','BEFORE','https://d11c1pk5qwkk9f.cloudfront.net/originals/41f34aa8-4d76-4941-889d-ce2f54e05dbd.jpg','QmY3yT6dDxEQ3SEyCdfAHsgp5kUebtWHJ6ncyX6mmHHhhz','1a2c7e8a-1a04-4962-8d11-dae6a541ff74','0032a55f-8df5-47d8-8f9c-8d6d9d8bb2a5',NULL,NULL,NULL,NULL),('11e3ae89-29d1-47da-adec-c984bdb018e0','2026-03-27 13:36:07.472931','2026-03-27 13:36:07.472931','front-right',355,243,'https://d11c1pk5qwkk9f.cloudfront.net/crops/73f6352a-4eab-4b38-b9ec-b0ce59fca1fd.jpg',_binary '\0',_binary '\0','BEFORE','https://d11c1pk5qwkk9f.cloudfront.net/originals/6e9498a5-fa06-4e60-b976-7a1c2c7c3afd.jpg','QmQWN5NAjEMUjfoAQantbEvSHhQUb3gHMmjDBJqELnnsKp','1a2c7e8a-1a04-4962-8d11-dae6a541ff74','0032a55f-8df5-47d8-8f9c-8d6d9d8bb2a5',NULL,NULL,NULL,NULL),('12e7547f-db8f-4bde-b6d5-198d8d6d4cbe','2026-03-27 16:40:58.624220','2026-03-27 16:40:58.624220','front',303,227,'https://d11c1pk5qwkk9f.cloudfront.net/crops/deb08eb5-d8a5-4911-a855-ae6689789207.jpg',_binary '\0',_binary '\0','BEFORE','https://d11c1pk5qwkk9f.cloudfront.net/originals/1d2cffc6-c81f-4452-8e01-bb92ae9aec93.jpg','Qmcu2FMuEsfXmPyjLAmLSyavYUeUdx5koK85pw6UgEGnqF','40fe616f-093e-4ad6-af90-b1730b3e60f6','31f86bcb-471d-42fc-9184-51205da83064',NULL,NULL,NULL,NULL),('135d74fe-8b1b-4d14-8521-9a0665a77683','2026-03-27 15:08:57.155987','2026-03-27 15:08:57.155987','rear',126,330,'https://d11c1pk5qwkk9f.cloudfront.net/crops/5dd90001-111f-4216-9c3c-9239641a7552.jpg',_binary '\0',_binary '\0','BEFORE','https://d11c1pk5qwkk9f.cloudfront.net/originals/63f24b54-70ea-4185-8af0-d7b8f2808a76.jpg','QmS4oj6SsokfY1bC9u3nreeEgqhucibqy17a5hGDFh62vq','40fe616f-093e-4ad6-af90-b1730b3e60f6','bca8096e-ea98-4f3e-86ca-a66f7ae5be95',NULL,NULL,NULL,NULL),('13b3b31e-0d89-4d44-ad26-da220fefc9a0','2026-03-28 17:35:06.173321','2026-03-28 17:40:09.806804','front-left',113,332,'https://d11c1pk5qwkk9f.cloudfront.net/crops/36b90f64-76f6-401d-9387-f21487f410bd.jpg',_binary '\0',_binary '\0','AFTER','https://d11c1pk5qwkk9f.cloudfront.net/originals/8ab7f1b5-9c54-4e25-b675-38fa7bd7507d.jpg','QmRjrRHije1BTFayK9E8U6rWDrEAHToMR2PTCcng7EpJaz','40fe616f-093e-4ad6-af90-b1730b3e60f6','1b9a45e2-8c99-4b48-be59-4ecdadc5dac3',NULL,100,0,NULL),('13b61eb9-5861-4b76-8c6f-8681ed49c5ec','2026-03-27 16:08:14.694241','2026-03-27 16:08:14.694241','front',53,295,'https://d11c1pk5qwkk9f.cloudfront.net/crops/746c643f-bfe7-4988-9f41-28a33523ecd0.jpg',_binary '\0',_binary '\0','BEFORE','https://d11c1pk5qwkk9f.cloudfront.net/originals/5ade967b-ba9e-4145-8bd9-6d86207c6dfa.jpg','QmP9xGnqEGpsFNRrjum7URXR7NjdSuSrnseqwF9ouQRRRb','40fe616f-093e-4ad6-af90-b1730b3e60f6','5cec0826-7d20-4091-a7d1-531e99be46a3',NULL,NULL,NULL,NULL),('13fcba37-b110-4974-b987-17d5aceb08ac','2026-03-27 12:15:54.078493','2026-03-28 19:16:12.514712','rear-right',267,291,'https://d11c1pk5qwkk9f.cloudfront.net/crops/c20f615c-6617-4e17-9278-363d205103a1.jpg',_binary '\0',_binary '\0','AFTER','https://d11c1pk5qwkk9f.cloudfront.net/originals/e381c80e-060c-465f-ac27-8316f3b6a825.jpg','QmRRP6KXBqRhiHMB2DFgnoYZmEtsApdKs9ikjn1XjD953Q','1a2c7e8a-1a04-4962-8d11-dae6a541ff74','deff5ec3-6cd4-41cb-9af3-ae8b5cae6303','b61d8406-c9bb-4996-804a-588fd8aa036e',0,100,'https://d11c1pk5qwkk9f.cloudfront.net/crops/19f0372d-c483-469a-99f7-176512b2e900.jpg'),('14fd2de5-3e08-4c19-9548-eaf13daf40e3','2026-03-27 10:11:30.818006','2026-03-27 10:11:30.818006','rear-right',236,340,'https://d11c1pk5qwkk9f.cloudfront.net/crops/405b2972-3687-4666-9459-679cfd0218c4.jpg',_binary '\0',_binary '\0','BEFORE','https://d11c1pk5qwkk9f.cloudfront.net/originals/2d08f5f3-6924-4695-8ba9-8b1c8a33e343.jpg','QmRwiCdmHjW68edW4kCZpFxCHjJ9DMBgW91nNBjfjWSETd','40fe616f-093e-4ad6-af90-b1730b3e60f6','36f102c0-65db-430e-a038-23f2ad5230f4',NULL,NULL,NULL,NULL),('15b55289-c6fb-48b2-b049-58a6e6cea387','2026-03-27 15:08:08.380939','2026-03-27 15:08:08.380939','rear-right',271,320,'https://d11c1pk5qwkk9f.cloudfront.net/crops/7d641680-36a1-4967-9f94-30d60710cc76.jpg',_binary '\0',_binary '\0','BEFORE','https://d11c1pk5qwkk9f.cloudfront.net/originals/b1c61022-cb8d-460d-a443-21b8da75f2eb.jpg','QmRCnTn9oUwdNDJDP8CA6rffrT9vYBDh851wpzGcQoeyTc','40fe616f-093e-4ad6-af90-b1730b3e60f6','bca8096e-ea98-4f3e-86ca-a66f7ae5be95',NULL,NULL,NULL,NULL),('1613dd0d-d60a-4b01-83f0-81c3a4436209','2026-03-27 15:08:34.664198','2026-03-27 15:08:34.664198','front-left',407,198,'https://d11c1pk5qwkk9f.cloudfront.net/crops/6c6ae4df-cfba-4aff-a3ce-dee86ac7d4e8.jpg',_binary '\0',_binary '\0','BEFORE','https://d11c1pk5qwkk9f.cloudfront.net/originals/b5cd3382-d5ed-404d-8598-4599ba3a2475.jpg','QmZNotW86MBDPR3ZwJ5gWH2WxpntFbaF8JxLGW56vCLsjP','40fe616f-093e-4ad6-af90-b1730b3e60f6','bca8096e-ea98-4f3e-86ca-a66f7ae5be95',NULL,NULL,NULL,NULL),('16d88077-9d47-4cc3-9cb1-87c05a3c8a38','2026-03-27 10:20:11.055890','2026-03-27 10:20:11.055890','rear',133,336,'https://d11c1pk5qwkk9f.cloudfront.net/crops/788ebc76-f34c-4168-be2c-879165805b2d.jpg',_binary '\0',_binary '\0','BEFORE','https://d11c1pk5qwkk9f.cloudfront.net/originals/09b4ad5e-68bc-4cb0-b3e1-05f386cd9633.jpg','Qmci5uT9TFWfeC7wdVUXcY7kVf8y9rvYma4uKgoRcpVipH','40fe616f-093e-4ad6-af90-b1730b3e60f6','3692e9a4-2538-4fa4-9b28-c00746402ec3',NULL,NULL,NULL,NULL),('17c4f94b-f3b9-4809-8d75-e78e73d99840','2026-03-27 10:24:10.063666','2026-03-27 10:24:10.063666','rear-right',284,230,'https://d11c1pk5qwkk9f.cloudfront.net/crops/c15b43bb-5d7e-4f22-892e-5b4b3b2af359.jpg',_binary '\0',_binary '\0','BEFORE','https://d11c1pk5qwkk9f.cloudfront.net/originals/23539d30-f9f9-495c-a77e-a1c90b56f870.jpg','QmQ1Ry8nfygLzef1Tti57mtdtKj2efaXBnPfBhgu72GTRY','40fe616f-093e-4ad6-af90-b1730b3e60f6','3692e9a4-2538-4fa4-9b28-c00746402ec3',NULL,NULL,NULL,NULL),('1c27be75-3dc9-4c0b-9c83-eb26a776a1b3','2026-03-27 10:10:31.958658','2026-03-27 10:10:31.958658','rear-right',270,299,'https://d11c1pk5qwkk9f.cloudfront.net/crops/e636dd57-70b7-40e8-9330-a1647c4d69cb.jpg',_binary '\0',_binary '\0','AFTER','https://d11c1pk5qwkk9f.cloudfront.net/originals/ecb0ceca-2fd9-4de0-8457-78a5486886e8.jpg','QmNvFe1T3kVrTaL7cbMJYJM1DCQbaEAFtUn5DWBa3tVvr8','40fe616f-093e-4ad6-af90-b1730b3e60f6','36f102c0-65db-430e-a038-23f2ad5230f4',NULL,NULL,NULL,NULL),('1cd72c0c-a3d1-46cc-8de8-c550b3675196','2026-03-27 13:41:55.377781','2026-03-27 13:41:55.377781','rear',45,231,'https://d11c1pk5qwkk9f.cloudfront.net/crops/5ede5fac-8af8-4fd7-a375-a3bd37af5ff4.jpg',_binary '\0',_binary '\0','BEFORE','https://d11c1pk5qwkk9f.cloudfront.net/originals/9d22e235-054d-492b-abc8-f02ddf101318.jpg','QmW4MrMPUFw5WxokWfLnktwpUZtqjt3nHzfUeKXaQDpWFn','1a2c7e8a-1a04-4962-8d11-dae6a541ff74','0032a55f-8df5-47d8-8f9c-8d6d9d8bb2a5',NULL,NULL,NULL,NULL),('1cee17f9-88db-4712-a7fa-7ada5741ba67','2026-03-27 16:46:23.125927','2026-03-27 16:46:23.125927','front-right',46,251,'https://d11c1pk5qwkk9f.cloudfront.net/crops/ab865120-c54d-4e66-9680-b67e0da70996.jpg',_binary '\0',_binary '\0','BEFORE','https://d11c1pk5qwkk9f.cloudfront.net/originals/35e38d57-f704-47ec-8634-8e5a44d690aa.jpg','QmVbXr5Nrd2dwvjxaD5rnoEUNXkChQxdUtAosBCn5dR5q6','1a2c7e8a-1a04-4962-8d11-dae6a541ff74','e2190d3f-167d-4198-b6c4-c8c238ac34fa',NULL,NULL,NULL,NULL),('1f010e1a-3566-412f-bf10-113956cd58c9','2026-03-27 10:13:49.510556','2026-03-27 10:13:49.510556','front',113,249,'https://d11c1pk5qwkk9f.cloudfront.net/crops/5cf759f1-62cb-4c8f-8d75-6da9c6d14622.jpg',_binary '\0',_binary '\0','BEFORE','https://d11c1pk5qwkk9f.cloudfront.net/originals/e46c7779-dc4e-44ba-b69f-e5d6b14bbedf.jpg','QmZZCBbqHUYThDUEqu6wWtMtrS7B8pSw4sk3bn62bArxxE','40fe616f-093e-4ad6-af90-b1730b3e60f6','36f102c0-65db-430e-a038-23f2ad5230f4',NULL,NULL,NULL,NULL),('1f79a92f-ad93-47ab-897d-9a2ce3f98298','2026-03-27 16:43:30.770666','2026-03-28 18:55:51.054776','rear-left',112,307,'https://d11c1pk5qwkk9f.cloudfront.net/crops/7e3f91f9-1bc7-4a4a-a943-3ddbac0dceb5.jpg',_binary '\0',_binary '\0','AFTER','https://d11c1pk5qwkk9f.cloudfront.net/originals/04d7b4c4-f899-4ab7-be71-cc3aaac5ad5f.jpg','QmaW8cVzfBPct1ijpubY6qETAJG9sndhjzqtoqYEPnJYUo','1a2c7e8a-1a04-4962-8d11-dae6a541ff74','0032a55f-8df5-47d8-8f9c-8d6d9d8bb2a5','04bfb32f-5a92-4c80-977a-ba3e61fc62f3',0.95,5,'https://d11c1pk5qwkk9f.cloudfront.net/crops/eee59ec4-56dd-4edb-8e1e-bbb736e05542.jpg'),('20038474-025f-41a1-b3e9-f108db099177','2026-03-28 21:41:22.675995','2026-03-28 21:41:22.675995','rear-right',99,83,'https://d11c1pk5qwkk9f.cloudfront.net/crops/0ae8cd75-7cdf-48e9-b391-48276d19e8f9.jpg',_binary '\0',_binary '\0','BEFORE','https://d11c1pk5qwkk9f.cloudfront.net/originals/2017b11d-7200-460d-bb64-df9f0d94e455.jpg','QmNdNQT1Bniy9pW3CQmdEdGDdfKoUYpC2LpAZdY6vFMqmc','8df575e2-146f-41fe-958f-1088b27ccd38','27ba3a5c-2235-44b0-a499-5e70f21ac82e',NULL,NULL,NULL,NULL),('200ee8f0-4593-40a1-adb2-f72678e0e6eb','2026-03-27 13:35:28.859335','2026-03-27 13:35:28.859335','front-right',0,272,'https://d11c1pk5qwkk9f.cloudfront.net/crops/85e60068-132c-4e17-a983-e609518c0814.jpg',_binary '\0',_binary '\0','BEFORE','https://d11c1pk5qwkk9f.cloudfront.net/originals/df38cbe6-f7ed-4a1f-a156-d691336b32c8.jpg','QmXrTgtX27oGAAJ3EzZYTemxB2BTkbJ1ae6VGme6F9Z25k','40fe616f-093e-4ad6-af90-b1730b3e60f6','d3ae206e-458f-4411-9860-6a4743d05c73',NULL,NULL,NULL,NULL),('20446317-a573-4755-b64c-644440c3ea97','2026-03-27 16:09:27.100190','2026-03-27 16:09:27.100190','rear-right',422,327,'https://d11c1pk5qwkk9f.cloudfront.net/crops/67f15b53-1d63-4606-a642-eef2e72238a7.jpg',_binary '\0',_binary '\0','BEFORE','https://d11c1pk5qwkk9f.cloudfront.net/originals/1d7048e3-84cb-4ea8-b43a-d459736fba7a.jpg','QmYNPdRzDAGC5KKY3SSGvQDR7GXRZePFGUnMoPYodVzM9N','1a2c7e8a-1a04-4962-8d11-dae6a541ff74','d15e4bba-6841-4cc7-a46b-dea924268a77',NULL,NULL,NULL,NULL),('2118d030-de39-4b9d-b13b-8143adb2151b','2026-03-27 11:40:09.546204','2026-03-27 11:40:09.546204','rear-left',93,320,'https://d11c1pk5qwkk9f.cloudfront.net/crops/414faf38-27a0-41b7-baf3-b35ae34149a9.jpg',_binary '\0',_binary '\0','BEFORE','https://d11c1pk5qwkk9f.cloudfront.net/originals/14e9f8f5-2862-4d10-9190-e229387771ff.jpg','QmXR3shWLAUg4pFUKWZrX7J3Tw2VuJCeN9SXA9Kvsnu7SK','40fe616f-093e-4ad6-af90-b1730b3e60f6','bca8096e-ea98-4f3e-86ca-a66f7ae5be95',NULL,NULL,NULL,NULL),('22b153f3-71cb-4ed2-9211-1f040e45689b','2026-03-27 10:18:46.795551','2026-03-27 10:18:46.795551','rear',130,371,'https://d11c1pk5qwkk9f.cloudfront.net/crops/ef985a26-f410-447e-b977-dc457af9f476.jpg',_binary '\0',_binary '\0','BEFORE','https://d11c1pk5qwkk9f.cloudfront.net/originals/e5a74d67-605b-402b-8e1e-2e7883b88197.jpg','Qmf4XHW4QZiQgUHUet5zNjVDv1MyHN4MS33E6ZP4S8Qq69','40fe616f-093e-4ad6-af90-b1730b3e60f6','3692e9a4-2538-4fa4-9b28-c00746402ec3',NULL,NULL,NULL,NULL),('274f31b4-78ca-4bd8-bce7-3ee3ce731ad5','2026-03-27 16:40:58.625170','2026-03-27 16:40:58.625170','front',87,238,'https://d11c1pk5qwkk9f.cloudfront.net/crops/3487142f-49b4-42fd-b85c-2b13482a571e.jpg',_binary '\0',_binary '\0','BEFORE','https://d11c1pk5qwkk9f.cloudfront.net/originals/1d2cffc6-c81f-4452-8e01-bb92ae9aec93.jpg','QmdA31sjLhY2ztR1EXigr2ybiDwwycGrwhCRTf54FUNvrw','40fe616f-093e-4ad6-af90-b1730b3e60f6','31f86bcb-471d-42fc-9184-51205da83064',NULL,NULL,NULL,NULL),('285f7dc1-b787-4de3-8b92-3a0cb91a37ff','2026-03-27 12:18:24.855960','2026-03-27 12:18:24.855960','rear',146,352,'https://d11c1pk5qwkk9f.cloudfront.net/crops/1b033142-5c95-45d1-b077-c206290a13bc.jpg',_binary '\0',_binary '\0','AFTER','https://d11c1pk5qwkk9f.cloudfront.net/originals/35429575-019a-47f4-9582-6c314b9df36f.jpg','QmfBSqPp7wSa7pAu8q5fQdewEo4BSUeKydmcmmiZgyrxSa','1a2c7e8a-1a04-4962-8d11-dae6a541ff74','deff5ec3-6cd4-41cb-9af3-ae8b5cae6303',NULL,NULL,NULL,NULL),('2ad5d0cf-e6b6-4c70-9921-e4fdd47ccc90','2026-03-27 16:32:02.156225','2026-03-27 16:32:02.156225','front-right',99,147,'https://d11c1pk5qwkk9f.cloudfront.net/crops/485415b3-31b9-49ee-9073-94f3ddc51782.jpg',_binary '\0',_binary '\0','BEFORE','https://d11c1pk5qwkk9f.cloudfront.net/originals/f2d48a48-6af7-406e-9ff9-96f59f5ee599.jpg','QmNU7tcbgxwt8tWXuPUXVCjToyGoTRG3TEe59tiy7BNzNz','40fe616f-093e-4ad6-af90-b1730b3e60f6','5cec0826-7d20-4091-a7d1-531e99be46a3',NULL,NULL,NULL,NULL),('2caa472e-214a-4200-b8c7-0b7562e5968c','2026-03-28 01:57:19.270066','2026-03-28 01:57:19.270066','rear-left',97,134,'https://d11c1pk5qwkk9f.cloudfront.net/crops/a9ee4a70-166a-4f55-97c6-4f6af1992989.jpg',_binary '\0',_binary '\0','BEFORE','https://d11c1pk5qwkk9f.cloudfront.net/originals/0a726546-0f7e-4a05-ad13-d11f6a047a94.jpg','QmcZJxDfsPhwG1Y4EghVkPcC6J7gZjEYcLHSCSS2bku1HL','40fe616f-093e-4ad6-af90-b1730b3e60f6','9244b5cc-6ea1-4d1f-bc75-d2be717e1277',NULL,NULL,NULL,NULL),('2d45ee2c-fd5a-4e20-9635-5bacb1278eee','2026-03-26 16:41:01.442031','2026-03-26 16:41:01.442031','rear-right',287,281,'https://d11c1pk5qwkk9f.cloudfront.net/crops/9a45a087-f0ca-403c-a663-d6e54850e2a0.jpg',_binary '\0',_binary '\0','BEFORE','https://d11c1pk5qwkk9f.cloudfront.net/originals/e4b7e810-5b37-4fa4-93e1-8a249564c769.jpg','QmZ5QX93GrixqHNzdyRJfnrbTeH1BTayWM5gSdBAH9Y9q2','40fe616f-093e-4ad6-af90-b1730b3e60f6','c54ad18a-b875-4f87-9e80-fbb1d299a42a',NULL,NULL,NULL,NULL),('2d60e73c-810d-4a19-8116-3e88283d2853','2026-03-27 16:20:04.145965','2026-03-27 16:20:04.145965','front',99,209,'https://d11c1pk5qwkk9f.cloudfront.net/crops/b12f7b29-908d-4fa5-bd00-5643b41d80b8.jpg',_binary '\0',_binary '\0','BEFORE','https://d11c1pk5qwkk9f.cloudfront.net/originals/882f95b5-2d6e-4074-a64b-64ce1e922675.jpg','QmQM9iD6Wx6PswKUtGqpiqf4HsnbmawvdupdtMzRKCmHC1','40fe616f-093e-4ad6-af90-b1730b3e60f6','5cec0826-7d20-4091-a7d1-531e99be46a3',NULL,NULL,NULL,NULL),('2d69f647-1019-42b5-91d2-c490e6688f08','2026-03-27 17:38:34.700290','2026-03-27 17:38:34.700290','rear-right',0,250,'https://d11c1pk5qwkk9f.cloudfront.net/crops/8ce10c76-b265-454b-819e-02488b85a6d2.jpg',_binary '\0',_binary '\0','BEFORE','https://d11c1pk5qwkk9f.cloudfront.net/originals/38c66b45-1a3b-4c6e-8753-58823d86e5b1.jpg','QmNMsrM4KCrj9x7kNiPw4nk2v49diCMXub5eqZT7bjNfRG','40fe616f-093e-4ad6-af90-b1730b3e60f6','9244b5cc-6ea1-4d1f-bc75-d2be717e1277',NULL,NULL,NULL,NULL),('2d71b573-06a7-4b25-a050-24584f454cae','2026-03-27 17:38:34.703982','2026-03-27 17:38:34.703982','rear-right',8,257,'https://d11c1pk5qwkk9f.cloudfront.net/crops/688e0b80-20b5-4683-9a7a-44a25f2c6895.jpg',_binary '\0',_binary '\0','BEFORE','https://d11c1pk5qwkk9f.cloudfront.net/originals/38c66b45-1a3b-4c6e-8753-58823d86e5b1.jpg','QmTsuxWobLazm7e8DBWEUy3DT9xkFkhweN2vAZDn9Urvdp','40fe616f-093e-4ad6-af90-b1730b3e60f6','9244b5cc-6ea1-4d1f-bc75-d2be717e1277',NULL,NULL,NULL,NULL),('2d7c7d74-8db0-4b1c-9fe2-36bf38f3d813','2026-03-27 13:35:46.172499','2026-03-27 13:35:46.172499','front',95,583,'https://d11c1pk5qwkk9f.cloudfront.net/crops/993886bf-d3a7-4b85-b444-38ea0bf1901b.jpg',_binary '\0',_binary '\0','BEFORE','https://d11c1pk5qwkk9f.cloudfront.net/originals/06362c3b-d3c4-446e-9047-eb8f0cb214c9.jpg','QmRjgQrfV12hEtkAJz5jPKKgJkZU4iFoYv2qHLiEEHE1UK','40fe616f-093e-4ad6-af90-b1730b3e60f6','d3ae206e-458f-4411-9860-6a4743d05c73',NULL,NULL,NULL,NULL),('2d97e354-d08d-4dbe-bcf2-8c3777f82ea6','2026-03-26 16:23:41.470792','2026-03-26 16:23:41.470792','rear-right',199,139,'https://d11c1pk5qwkk9f.cloudfront.net/crops/b05c6f7e-f695-4d3d-b5d4-fa1a348f0e36.jpg',_binary '\0',_binary '\0','BEFORE','https://d11c1pk5qwkk9f.cloudfront.net/originals/8a769ffe-1ca9-4c1d-9bd4-34f53296629a.jpg','Qmd4aMDXVMTx1bszsRDLpbHvNio2iQT1sYWvz4hrWG9BJR','40fe616f-093e-4ad6-af90-b1730b3e60f6','c54ad18a-b875-4f87-9e80-fbb1d299a42a',NULL,NULL,NULL,NULL),('2e24f848-b8a8-4496-a6f8-907dd3e54705','2026-03-27 15:08:16.683440','2026-03-27 15:08:16.683440','front-right',303,396,'https://d11c1pk5qwkk9f.cloudfront.net/crops/8b732b6b-b50f-4f22-8c0e-4c756466f8a0.jpg',_binary '\0',_binary '\0','BEFORE','https://d11c1pk5qwkk9f.cloudfront.net/originals/1a8d3ec2-69aa-4743-a2c7-b23abdbaafba.jpg','QmNqxpKjEYC84JPisFHqZvHeYzKSkyrxEiYcy3E3rCKvFN','40fe616f-093e-4ad6-af90-b1730b3e60f6','bca8096e-ea98-4f3e-86ca-a66f7ae5be95',NULL,NULL,NULL,NULL),('2ec5fc9e-3297-4907-916c-00aa92520bc5','2026-03-27 13:41:17.406262','2026-03-27 13:41:17.406262','front-right',155,394,'https://d11c1pk5qwkk9f.cloudfront.net/crops/64f60e77-922b-448c-b9e3-7e19067c6e1f.jpg',_binary '\0',_binary '\0','BEFORE','https://d11c1pk5qwkk9f.cloudfront.net/originals/71405e3e-f825-4630-bb93-25d3c902f5ea.jpg','Qmb8eosD1wuReNqS9bGvCXUY4BYVaHiMAabZKe48H68wW9','1a2c7e8a-1a04-4962-8d11-dae6a541ff74','0032a55f-8df5-47d8-8f9c-8d6d9d8bb2a5',NULL,NULL,NULL,NULL),('2f3fae40-a9c0-4c23-97b3-fbb2bf3fe23e','2026-03-28 17:29:54.952146','2026-03-28 17:29:54.952146','front-right',116,202,'https://d11c1pk5qwkk9f.cloudfront.net/crops/d885c3c4-704f-4484-abd1-33817d1055b7.jpg',_binary '\0',_binary '\0','BEFORE','https://d11c1pk5qwkk9f.cloudfront.net/originals/ebccd75c-3ac1-4bf0-b856-f9c422af9639.jpg','QmQdydKssm4jdG4Q7CouUkxKafjJYZWZ8aa6hkZq5URi5R','40fe616f-093e-4ad6-af90-b1730b3e60f6','1b9a45e2-8c99-4b48-be59-4ecdadc5dac3',NULL,NULL,NULL,NULL),('30413b80-e069-4068-bea6-95328795ed4d','2026-03-28 01:57:19.272295','2026-03-28 01:57:19.272295','rear-left',150,356,'https://d11c1pk5qwkk9f.cloudfront.net/crops/9767a760-5863-4504-b8bc-71a47b3125bb.jpg',_binary '\0',_binary '\0','BEFORE','https://d11c1pk5qwkk9f.cloudfront.net/originals/0a726546-0f7e-4a05-ad13-d11f6a047a94.jpg','QmWrh2cqzrwoCqjsUu6kYSYQ5UK8LUfg5X5Qk3Vk9p8dHz','40fe616f-093e-4ad6-af90-b1730b3e60f6','9244b5cc-6ea1-4d1f-bc75-d2be717e1277',NULL,NULL,NULL,NULL),('31c39820-c481-4705-b7ad-e794f7556905','2026-03-26 16:58:20.816852','2026-03-26 16:58:20.816852','rear-right',343,261,'https://d11c1pk5qwkk9f.cloudfront.net/crops/21fcd6ea-8ceb-4314-9a41-e44676fe7b70.jpg',_binary '\0',_binary '\0','BEFORE','https://d11c1pk5qwkk9f.cloudfront.net/originals/a1180429-49eb-42cf-b409-30bb76e1197c.jpg','QmXaxXvDs1Yx3odLUWqRndtTqRo7NjQ8w3nh4iU1ApqJuY','40fe616f-093e-4ad6-af90-b1730b3e60f6','c54ad18a-b875-4f87-9e80-fbb1d299a42a',NULL,NULL,NULL,NULL),('31e1af70-18b0-4543-a9a2-0c4f969fc712','2026-03-27 11:12:41.044198','2026-03-27 11:12:41.044198','rear',143,325,'https://d11c1pk5qwkk9f.cloudfront.net/crops/17a6a3a2-48b5-4626-ad8e-5bd8c152034f.jpg',_binary '\0',_binary '\0','AFTER','https://d11c1pk5qwkk9f.cloudfront.net/originals/a76da0d6-ea81-44e7-89bc-cc41b0b9bbc7.jpg','QmcEcd5bQL46DiFyrwXMt8n6f3X5aTDDCDmsqPXeDHirxA','1a2c7e8a-1a04-4962-8d11-dae6a541ff74','9e0f91b2-d8e0-4464-bf80-3f4e61303457',NULL,NULL,NULL,NULL),('32aec149-4c8e-4454-8dc6-4b799554f400','2026-03-27 15:08:42.675521','2026-03-27 15:08:42.675521','rear-left',84,358,'https://d11c1pk5qwkk9f.cloudfront.net/crops/3c88e671-8e3f-4a7d-9245-2cbed71e28e3.jpg',_binary '\0',_binary '\0','BEFORE','https://d11c1pk5qwkk9f.cloudfront.net/originals/7fc396d8-4007-4fed-8885-01026c23831e.jpg','QmUZNy5hS2E7suVArZKxXBzg3cnfxYhVWJrYmHhbNRK8Ra','40fe616f-093e-4ad6-af90-b1730b3e60f6','bca8096e-ea98-4f3e-86ca-a66f7ae5be95',NULL,NULL,NULL,NULL),('333ad870-853a-440e-9624-b967de280b4d','2026-03-27 10:20:59.218534','2026-03-27 10:20:59.218534','rear-right',309,251,'https://d11c1pk5qwkk9f.cloudfront.net/crops/b6dc10b7-1333-44ad-aec5-a856d99dc434.jpg',_binary '\0',_binary '\0','BEFORE','https://d11c1pk5qwkk9f.cloudfront.net/originals/07286a28-3607-4a64-9216-d3b353edc0cb.jpg','QmctHuitsCPQjHgJkGsU6huJWRQjXXMs1daogkvLijN6db','40fe616f-093e-4ad6-af90-b1730b3e60f6','3692e9a4-2538-4fa4-9b28-c00746402ec3',NULL,NULL,NULL,NULL),('3576c99f-c6c6-45a6-93df-be5274a7c5f7','2026-03-27 13:34:24.996421','2026-03-27 13:34:24.996421','rear',375,276,'https://d11c1pk5qwkk9f.cloudfront.net/crops/098c72a1-16af-4e31-9a58-e0c58373509c.jpg',_binary '\0',_binary '\0','BEFORE','https://d11c1pk5qwkk9f.cloudfront.net/originals/12239142-81a5-4a84-84be-af395b13fa23.jpg','QmfH6225ftrmKAedVxvgEgAkwPcvdGmx1EXDZsbxhVhWd2','1a2c7e8a-1a04-4962-8d11-dae6a541ff74','0032a55f-8df5-47d8-8f9c-8d6d9d8bb2a5',NULL,NULL,NULL,NULL),('369d9c75-4391-41d3-86b4-b99b9099747c','2026-03-27 13:39:02.743931','2026-03-27 13:39:02.743931','front-right',67,380,'https://d11c1pk5qwkk9f.cloudfront.net/crops/825ee0df-6d99-45dc-b46d-0a2e2f856d32.jpg',_binary '\0',_binary '\0','BEFORE','https://d11c1pk5qwkk9f.cloudfront.net/originals/da603244-964c-488c-9510-2646568f7bfc.jpg','QmVtqXQLusmJ42L8Ed6k72km7L2niFA5LraGByShB99ro1','1a2c7e8a-1a04-4962-8d11-dae6a541ff74','0032a55f-8df5-47d8-8f9c-8d6d9d8bb2a5',NULL,NULL,NULL,NULL),('3857e582-8243-42c6-bbc9-f3e70f5e673e','2026-03-27 16:32:17.861104','2026-03-27 16:32:17.861104','front-left',83,163,'https://d11c1pk5qwkk9f.cloudfront.net/crops/fb7d1741-0c29-400f-9c97-1946c07ce6de.jpg',_binary '\0',_binary '\0','BEFORE','https://d11c1pk5qwkk9f.cloudfront.net/originals/b0d1fb9c-32e8-4026-bef7-4e268bf16105.jpg','QmTays8UZxv4uuUcJvcbgoXnFQ788KiBXY6FcTc5gfxDrb','40fe616f-093e-4ad6-af90-b1730b3e60f6','5cec0826-7d20-4091-a7d1-531e99be46a3',NULL,NULL,NULL,NULL),('38b0f1f1-ef13-45df-a19c-f2419b64db4d','2026-03-26 16:39:50.804834','2026-03-26 16:39:50.804834','rear',101,368,'https://d11c1pk5qwkk9f.cloudfront.net/crops/b4d881db-3eb6-42e6-8679-df624612078d.jpg',_binary '\0',_binary '\0','BEFORE','https://d11c1pk5qwkk9f.cloudfront.net/originals/77e7e7c9-52f7-4d5b-903e-776c8c6d832b.jpg','QmZdRtjVVFmtYoAWhPqq8rNLvrG3ZcohQaMtBbsbAgaNJB','40fe616f-093e-4ad6-af90-b1730b3e60f6','c54ad18a-b875-4f87-9e80-fbb1d299a42a',NULL,NULL,NULL,NULL),('390c4795-f553-4dc4-b975-4db222f9d03b','2026-03-27 17:18:11.750743','2026-03-27 17:18:11.750743','rear',146,259,'https://d11c1pk5qwkk9f.cloudfront.net/crops/9f8199c6-08c0-4430-8148-fa479e6b31b4.jpg',_binary '\0',_binary '\0','BEFORE','https://d11c1pk5qwkk9f.cloudfront.net/originals/8178a69d-1068-441a-b09c-03996679f563.jpg','QmWQbSeFex6WRPjAh5K18TyyZ4nmgcA2PR7VyZ6ETsgajq','1a2c7e8a-1a04-4962-8d11-dae6a541ff74','ddaac7cc-eeb2-4ffa-908a-9b058935c795',NULL,NULL,NULL,NULL),('397a4e4d-559f-4221-a0ec-52343a0ae392','2026-03-27 16:32:10.184540','2026-03-27 16:32:10.184540','front',71,163,'https://d11c1pk5qwkk9f.cloudfront.net/crops/e60caa61-fbbf-420d-8319-763040b824d3.jpg',_binary '\0',_binary '\0','BEFORE','https://d11c1pk5qwkk9f.cloudfront.net/originals/5811ff5f-f79d-45ed-b3f5-cbba4bd27c7c.jpg','QmSUqh1BBzU98sJPrrZqJedeLAjyH6grdGFwRqYYwvWtHs','40fe616f-093e-4ad6-af90-b1730b3e60f6','5cec0826-7d20-4091-a7d1-531e99be46a3',NULL,NULL,NULL,NULL),('3a82470e-c148-400f-89e7-ef9bb45f2b6a','2026-03-28 06:44:33.927050','2026-03-28 07:12:05.082098','front-left',91,211,'https://d11c1pk5qwkk9f.cloudfront.net/crops/c9315d24-a8f4-48ee-8a08-b03f05c82a4b.jpg',_binary '\0',_binary '\0','AFTER','https://d11c1pk5qwkk9f.cloudfront.net/originals/4d75b6da-ee6c-4733-a71d-1d4192733661.jpg','QmWBPvxo9voNYBdzRv5f8VUx8dxqoECp6EwYNT89VkC3ep','40fe616f-093e-4ad6-af90-b1730b3e60f6','be5489cd-cb62-4102-875e-996d2a6b1400',NULL,100,0,NULL),('3ac02cb7-b168-4280-860c-10d07fdfcda6','2026-03-26 17:24:47.593358','2026-03-26 17:24:47.593358','rear',158,331,'https://d11c1pk5qwkk9f.cloudfront.net/crops/9071fd76-c2cb-413f-966f-be226a25c293.jpg',_binary '\0',_binary '\0','BEFORE','https://d11c1pk5qwkk9f.cloudfront.net/originals/e3281b0b-1aef-448d-8514-d1d89e5f16af.jpg','QmYAidxHKJ8kVEmcD1BbTsfi2uHYaw4x6XTuE3dRjwtykm','40fe616f-093e-4ad6-af90-b1730b3e60f6','c54ad18a-b875-4f87-9e80-fbb1d299a42a',NULL,NULL,NULL,NULL),('3ac71894-4b26-4334-a5c3-3002eb09ad33','2026-03-27 13:35:12.754715','2026-03-27 13:35:12.754715','rear-right',92,562,'https://d11c1pk5qwkk9f.cloudfront.net/crops/d4bdab6f-4313-4c69-b883-ecf64b2d9f3e.jpg',_binary '\0',_binary '\0','BEFORE','https://d11c1pk5qwkk9f.cloudfront.net/originals/ec51e118-a353-4c81-b5d9-a535186da5f1.jpg','QmYYgaFqYkm2UJ7HvvBeaLeycByLxz85xFKgxG4i4Jc7L8','40fe616f-093e-4ad6-af90-b1730b3e60f6','d3ae206e-458f-4411-9860-6a4743d05c73',NULL,NULL,NULL,NULL),('3afba18c-9393-49aa-9d24-0d4f817b6d18','2026-03-26 16:24:02.937244','2026-03-26 16:24:02.937244','front',240,146,'https://d11c1pk5qwkk9f.cloudfront.net/crops/c42f9e07-addf-4c9a-a762-e4706d477126.jpg',_binary '\0',_binary '\0','BEFORE','https://d11c1pk5qwkk9f.cloudfront.net/originals/1338cc38-df1c-43de-bb7e-fe56e6d52433.jpg','QmaDJzhR7AFQ1ZU3vvmYi71wFeujscrwmWAugoiY9twrvU','40fe616f-093e-4ad6-af90-b1730b3e60f6','c54ad18a-b875-4f87-9e80-fbb1d299a42a',NULL,NULL,NULL,NULL),('3bb5d2ab-830f-4d0c-b0e4-7acd08a94ffe','2026-03-26 16:51:14.843815','2026-03-26 16:51:14.843815','rear',169,343,'https://d11c1pk5qwkk9f.cloudfront.net/crops/75bab041-e6c5-417d-8fa5-19a5c016fb01.jpg',_binary '\0',_binary '\0','BEFORE','https://d11c1pk5qwkk9f.cloudfront.net/originals/cf1576a7-b979-40fa-872a-232cefdc85cb.jpg','QmVx4hoKLTZB4iqdwATYtvhRtpXzJtLy2CbqZteCRSNN9S','40fe616f-093e-4ad6-af90-b1730b3e60f6','c54ad18a-b875-4f87-9e80-fbb1d299a42a',NULL,NULL,NULL,NULL),('3f1b8dd6-d9d8-469e-9774-f2c9501302a6','2026-03-27 13:38:55.730532','2026-03-27 13:38:55.730532','rear-right',302,447,'https://d11c1pk5qwkk9f.cloudfront.net/crops/9a2788d2-072d-427d-8a8e-a8c30eb14f0c.jpg',_binary '\0',_binary '\0','BEFORE','https://d11c1pk5qwkk9f.cloudfront.net/originals/69c60263-768a-4b40-b829-9a0a2d1a9c5e.jpg','Qmc4T95uD8AAkfHJr7YLKzt6FqhEZ6J66KZ8e1DyjA9S8e','40fe616f-093e-4ad6-af90-b1730b3e60f6','d3ae206e-458f-4411-9860-6a4743d05c73',NULL,NULL,NULL,NULL),('3fc8db27-be24-4ec1-9cb4-f7ede771d349','2026-03-26 17:29:03.013330','2026-03-26 17:29:03.013330','rear-left',120,327,'https://d11c1pk5qwkk9f.cloudfront.net/crops/f6cbe43b-0de8-48a9-a34c-2b823292a84e.jpg',_binary '\0',_binary '\0','AFTER','https://d11c1pk5qwkk9f.cloudfront.net/originals/b5de63b6-2db8-49ec-874f-01b2614660a1.jpg','QmQBvYqqhCMMPyQ9i5DMHYMQdU6N2o6cfA96f3hpG7mL8V','40fe616f-093e-4ad6-af90-b1730b3e60f6','c54ad18a-b875-4f87-9e80-fbb1d299a42a',NULL,NULL,NULL,NULL),('421be3da-0283-4413-92af-337e70ebea0c','2026-03-27 13:36:07.470008','2026-03-27 13:36:07.470008','front-right',355,242,'https://d11c1pk5qwkk9f.cloudfront.net/crops/d5829888-c85b-4c5a-84dd-fe6c8307780a.jpg',_binary '\0',_binary '\0','BEFORE','https://d11c1pk5qwkk9f.cloudfront.net/originals/6e9498a5-fa06-4e60-b976-7a1c2c7c3afd.jpg','QmXZxgweGY7Hx16hqhiQEBWb2xAq4yPVjctbs7qkKhSrrS','1a2c7e8a-1a04-4962-8d11-dae6a541ff74','0032a55f-8df5-47d8-8f9c-8d6d9d8bb2a5',NULL,NULL,NULL,NULL),('424ad3af-6490-4435-b4cc-6f6df4a60c44','2026-03-28 06:34:53.528581','2026-03-28 06:40:58.817630','rear-right',50,192,'https://d11c1pk5qwkk9f.cloudfront.net/crops/e00809d1-50b9-474e-8c7a-ed1225a5ead5.jpg',_binary '\0',_binary '\0','AFTER','https://d11c1pk5qwkk9f.cloudfront.net/originals/0f692c3f-e1ed-4809-8432-80426f79c229.jpg','QmaXvhReAQXJXVSpfx9mvoq6JFM7rSb27aV3yUrz1xgrMK','40fe616f-093e-4ad6-af90-b1730b3e60f6','c91d1602-8824-4fe5-81c9-25ff73bbe7da',NULL,100,0,NULL),('438ba6d1-043a-4ea8-bb98-8c98fd4e5eb7','2026-03-27 11:27:33.365193','2026-03-27 11:27:33.365193','front-left',365,344,'https://d11c1pk5qwkk9f.cloudfront.net/crops/cd53027d-d26c-4666-abdc-b3484dc9ef98.jpg',_binary '\0',_binary '\0','BEFORE','https://d11c1pk5qwkk9f.cloudfront.net/originals/c56adfa9-45c8-449e-a920-18b56cc88977.jpg','QmZTr1WSouA7bwyV5zr4QQkw7X1cCZavXWRPLL9rt2NptH','40fe616f-093e-4ad6-af90-b1730b3e60f6','ef2342aa-b2b7-426e-9f17-cd3d6b8a30e6',NULL,NULL,NULL,NULL),('4552f88b-d896-47cb-b041-7a117362f0c3','2026-03-26 16:23:54.260783','2026-03-26 16:23:54.260783','front-right',174,224,'https://d11c1pk5qwkk9f.cloudfront.net/crops/3516edbc-70ad-4387-8630-a4f1e9e70eab.jpg',_binary '\0',_binary '\0','BEFORE','https://d11c1pk5qwkk9f.cloudfront.net/originals/b707888b-b76b-4161-9abc-94244c1f6e9d.jpg','QmaW2naAaGcKNNoHPPGSNGtEDzR56vPw1RyB1a3ttWGQX7','40fe616f-093e-4ad6-af90-b1730b3e60f6','c54ad18a-b875-4f87-9e80-fbb1d299a42a',NULL,NULL,NULL,NULL),('465cc00d-43ac-4f5f-ac6e-289f604b9d4c','2026-03-26 16:23:54.257714','2026-03-26 16:23:54.257714','front-right',179,122,'https://d11c1pk5qwkk9f.cloudfront.net/crops/fcd63324-16d0-412a-9d38-818de18abdfa.jpg',_binary '\0',_binary '\0','BEFORE','https://d11c1pk5qwkk9f.cloudfront.net/originals/b707888b-b76b-4161-9abc-94244c1f6e9d.jpg','QmT2yeqiKcQRVecHEsxp8MePMQGRLoScdgdWkEncj12VAw','40fe616f-093e-4ad6-af90-b1730b3e60f6','c54ad18a-b875-4f87-9e80-fbb1d299a42a',NULL,NULL,NULL,NULL),('46a2e6c8-b5d3-4ac5-8f0b-0f776f0eb6b1','2026-03-27 11:39:30.332744','2026-03-27 11:39:30.332744','front-right',0,287,'https://d11c1pk5qwkk9f.cloudfront.net/crops/011d7ecd-7215-4758-a367-fe1a04bfbbb3.jpg',_binary '\0',_binary '\0','BEFORE','https://d11c1pk5qwkk9f.cloudfront.net/originals/a5739ac4-db2c-4be1-a463-72afdce55d4d.jpg','QmewX98mzFYhPrndfnhQwxeb1DiQBSwenj3A36s7WDAUqf','40fe616f-093e-4ad6-af90-b1730b3e60f6','bca8096e-ea98-4f3e-86ca-a66f7ae5be95',NULL,NULL,NULL,NULL),('481d11f8-cb53-4c12-8ee9-92f8c0d639f1','2026-03-27 13:45:11.995526','2026-03-27 13:45:11.995526','rear-right',13,294,'https://d11c1pk5qwkk9f.cloudfront.net/crops/d1018cfc-91b5-4f35-9c3a-6a44e633fa43.jpg',_binary '\0',_binary '\0','BEFORE','https://d11c1pk5qwkk9f.cloudfront.net/originals/a0bf6d79-0181-4373-aa4f-da380c271c4e.jpg','QmeaxDbqfASLESySVXRPJRnZHpxhfQwPMXVV7v4qmX84ho','1a2c7e8a-1a04-4962-8d11-dae6a541ff74','0032a55f-8df5-47d8-8f9c-8d6d9d8bb2a5',NULL,NULL,NULL,NULL),('48606a1d-1ed3-4eda-8530-57362b547c9b','2026-03-27 15:08:34.662941','2026-03-27 15:08:34.662941','front-left',347,385,'https://d11c1pk5qwkk9f.cloudfront.net/crops/c55f3b29-f492-4453-a233-91d89e00435a.jpg',_binary '\0',_binary '\0','BEFORE','https://d11c1pk5qwkk9f.cloudfront.net/originals/b5cd3382-d5ed-404d-8598-4599ba3a2475.jpg','QmS79zopYRLUAbWy2tv2ja9K8KhUF7z8GKzt2ukwcMrvZr','40fe616f-093e-4ad6-af90-b1730b3e60f6','bca8096e-ea98-4f3e-86ca-a66f7ae5be95',NULL,NULL,NULL,NULL),('4921a7aa-7497-4804-b66e-fcce3ffb8d30','2026-03-27 13:41:55.376481','2026-03-27 13:41:55.376481','rear',181,353,'https://d11c1pk5qwkk9f.cloudfront.net/crops/e7fb0e66-1c29-448e-b9df-3904fdc2cc11.jpg',_binary '\0',_binary '\0','BEFORE','https://d11c1pk5qwkk9f.cloudfront.net/originals/9d22e235-054d-492b-abc8-f02ddf101318.jpg','QmQZFf4wrKZkcwQkWKnbbGgK9ipBmZ8URTdREGjEQD6BZ6','1a2c7e8a-1a04-4962-8d11-dae6a541ff74','0032a55f-8df5-47d8-8f9c-8d6d9d8bb2a5',NULL,NULL,NULL,NULL),('492df7c1-96d0-4731-b52c-ce9a7cda4dd6','2026-03-27 15:59:58.011076','2026-03-28 19:23:43.105265','rear',155,367,'https://d11c1pk5qwkk9f.cloudfront.net/crops/565ea440-7e5d-49ee-b0c7-e4bff5062686.jpg',_binary '',_binary '\0','AFTER','https://d11c1pk5qwkk9f.cloudfront.net/originals/635559f9-08e6-4a93-9719-8eea4c841b9b.jpg','QmY2rrQpFJw6ocRDJSSEeCXqy5xQoShhd1j1JFeQrsLKAn','40fe616f-093e-4ad6-af90-b1730b3e60f6','243a29f1-144e-46da-ba81-af9c7ced5788',NULL,NULL,NULL,NULL),('4b2abdbf-943e-4469-ad11-e371e4b3340b','2026-03-27 13:33:49.357621','2026-03-27 13:33:49.357621','front-left',124,455,'https://d11c1pk5qwkk9f.cloudfront.net/crops/8dc758d8-76a9-49b5-ba4b-8066b28392f4.jpg',_binary '\0',_binary '\0','BEFORE','https://d11c1pk5qwkk9f.cloudfront.net/originals/13e83c6a-159f-437c-8972-24daafb2b037.jpg','QmW6YLPeFZY338uWaLFdtYNaPcgFdeDhS17M7mrv89Bit5','1a2c7e8a-1a04-4962-8d11-dae6a541ff74','0032a55f-8df5-47d8-8f9c-8d6d9d8bb2a5',NULL,NULL,NULL,NULL),('4cdb4c09-8854-472f-94c4-db56b46ad7a9','2026-03-26 16:42:47.342111','2026-03-26 16:42:47.342111','rear-left',58,314,'https://d11c1pk5qwkk9f.cloudfront.net/crops/b4304903-7f30-485e-9af1-63c64dea8601.jpg',_binary '\0',_binary '\0','BEFORE','https://d11c1pk5qwkk9f.cloudfront.net/originals/d9b8dd8d-4a7d-4c6c-9603-aaf9aa86403a.jpg','QmcGjTcxt6CrWojH81qbsxLoYPwo8pXeKQnCmBU1t2SjPf','40fe616f-093e-4ad6-af90-b1730b3e60f6','c54ad18a-b875-4f87-9e80-fbb1d299a42a',NULL,NULL,NULL,NULL),('4cf80d54-e1a4-4dac-87f1-e587f1cf9d36','2026-03-27 13:41:55.378975','2026-03-27 13:41:55.378975','rear',45,7,'https://d11c1pk5qwkk9f.cloudfront.net/crops/8a015581-7fcf-4943-b58c-72d1a4bf0b03.jpg',_binary '\0',_binary '\0','BEFORE','https://d11c1pk5qwkk9f.cloudfront.net/originals/9d22e235-054d-492b-abc8-f02ddf101318.jpg','QmeWx4ZikA786UJG3NvqnPdLm7eNd3n3CfpgsKuqnnRBMi','1a2c7e8a-1a04-4962-8d11-dae6a541ff74','0032a55f-8df5-47d8-8f9c-8d6d9d8bb2a5',NULL,NULL,NULL,NULL),('4cf9d530-f6ef-4705-ac80-897d7b8e7bbf','2026-03-27 13:39:53.465819','2026-03-27 13:39:53.465819','rear',169,374,'https://d11c1pk5qwkk9f.cloudfront.net/crops/21bfe73b-75b6-42f1-a3b5-86f346ffe41a.jpg',_binary '\0',_binary '\0','BEFORE','https://d11c1pk5qwkk9f.cloudfront.net/originals/888ccdc2-c0f5-4be2-b9c4-5d991f09fc10.jpg','QmTLifgzceMZv956QpruVfQsf2W7F4Y9sicZunWQegjAsc','1a2c7e8a-1a04-4962-8d11-dae6a541ff74','0032a55f-8df5-47d8-8f9c-8d6d9d8bb2a5',NULL,NULL,NULL,NULL),('4d72e572-e361-433d-bff5-58ff472ed16b','2026-03-27 16:31:52.500943','2026-03-27 16:31:52.500943','rear-right',62,143,'https://d11c1pk5qwkk9f.cloudfront.net/crops/d6a6307d-63fa-4765-b7ce-808ac268a484.jpg',_binary '\0',_binary '\0','BEFORE','https://d11c1pk5qwkk9f.cloudfront.net/originals/49d64b2f-9b0a-4f46-bd12-455a1d666fbf.jpg','Qmd9KSRUN1gQYJ8E8aXG7HZAgRaRW8RnNs711gScPehGFM','40fe616f-093e-4ad6-af90-b1730b3e60f6','5cec0826-7d20-4091-a7d1-531e99be46a3',NULL,NULL,NULL,NULL),('4f634d6e-f4f5-47da-9f36-ff0116921f5a','2026-03-27 10:18:46.797520','2026-03-27 10:18:46.797520','rear',116,275,'https://d11c1pk5qwkk9f.cloudfront.net/crops/0af3976b-3deb-4502-848d-0f1c7571ecd6.jpg',_binary '\0',_binary '\0','BEFORE','https://d11c1pk5qwkk9f.cloudfront.net/originals/e5a74d67-605b-402b-8e1e-2e7883b88197.jpg','QmckLNr2YY8QqLoSgyDFJmh88zy5q4SYjrX1bPZpYiUDbN','40fe616f-093e-4ad6-af90-b1730b3e60f6','3692e9a4-2538-4fa4-9b28-c00746402ec3',NULL,NULL,NULL,NULL),('4f904c1a-2443-4566-8e59-ebbc945016e4','2026-03-27 11:39:25.488846','2026-03-27 11:39:25.488846','rear-right',279,292,'https://d11c1pk5qwkk9f.cloudfront.net/crops/aea96c2f-06c2-4c26-817a-ee8a52b5ff42.jpg',_binary '\0',_binary '\0','BEFORE','https://d11c1pk5qwkk9f.cloudfront.net/originals/de010d7f-e95d-47b7-a1a1-620e0c1c6d3e.jpg','QmNR2c7Fifh2XQytG9PG6FN7P9vUxazzVG7AdZaa3PsAh6','40fe616f-093e-4ad6-af90-b1730b3e60f6','bca8096e-ea98-4f3e-86ca-a66f7ae5be95',NULL,NULL,NULL,NULL),('4fc1cb4f-23a5-4fd5-a5cc-ed915e8d2231','2026-03-28 07:11:55.441430','2026-03-28 07:12:05.082319','rear',83,226,'https://d11c1pk5qwkk9f.cloudfront.net/crops/9928abf0-3b24-48cd-86f5-f269c4c05537.jpg',_binary '\0',_binary '\0','AFTER','https://d11c1pk5qwkk9f.cloudfront.net/originals/25423c2f-661e-4071-8775-f3df411f1d7c.jpg','QmPvncdVUV2Y2318RgFm2iLq3r5YAXQ3GMa5jQ8zxpRUQx','40fe616f-093e-4ad6-af90-b1730b3e60f6','be5489cd-cb62-4102-875e-996d2a6b1400',NULL,100,0,NULL),('4fed3971-5c47-4b75-b456-3d303e416595','2026-03-27 12:08:22.680932','2026-03-27 12:08:22.680932','front-right',49,289,'https://d11c1pk5qwkk9f.cloudfront.net/crops/2e1a4244-76da-491b-85c3-9c5e18e134cb.jpg',_binary '\0',_binary '\0','BEFORE','https://d11c1pk5qwkk9f.cloudfront.net/originals/8efe207b-ae9b-4022-925a-27f596243fca.jpg','Qmb8e1pMkDFgmZ32m52X75tzyyasfrrqHS5tLCnu38CBVu','1a2c7e8a-1a04-4962-8d11-dae6a541ff74','deff5ec3-6cd4-41cb-9af3-ae8b5cae6303',NULL,NULL,NULL,NULL),('50695da9-a0b4-4e0f-b68b-bcc7baa8db79','2026-03-27 13:41:26.867374','2026-03-27 13:41:26.867374','front',55,0,'https://d11c1pk5qwkk9f.cloudfront.net/crops/cd5a7c37-a141-4c9d-8abc-c108d5a3d3ed.jpg',_binary '\0',_binary '\0','BEFORE','https://d11c1pk5qwkk9f.cloudfront.net/originals/5d8cc81d-0f3c-4d07-8a07-ada2d5ebb379.jpg','QmcEBct2pG3Avf72fTXxA5CuMZDounMZxGACVkZfE4hCyw','1a2c7e8a-1a04-4962-8d11-dae6a541ff74','0032a55f-8df5-47d8-8f9c-8d6d9d8bb2a5',NULL,NULL,NULL,NULL),('5270b7ed-7fc2-475b-a674-9d6af9279b9d','2026-03-27 10:23:12.097898','2026-03-27 10:23:12.097898','rear',150,345,'https://d11c1pk5qwkk9f.cloudfront.net/crops/888d65f6-3009-4c21-8b72-96b482e2168c.jpg',_binary '\0',_binary '\0','BEFORE','https://d11c1pk5qwkk9f.cloudfront.net/originals/cc660289-e4cd-47d9-af60-0c86300c64c4.jpg','QmPX7eCtW4L8JtEzySMchvwyF3vgTmN3u3xAPQogV13hX2','40fe616f-093e-4ad6-af90-b1730b3e60f6','3692e9a4-2538-4fa4-9b28-c00746402ec3',NULL,NULL,NULL,NULL),('559af886-8c05-4151-bdf7-5eec690dcc94','2026-03-27 13:36:34.629543','2026-03-27 13:36:34.629543','rear-left',162,334,'https://d11c1pk5qwkk9f.cloudfront.net/crops/5d6d3451-6cfa-4e7f-b555-7a228c6c91a1.jpg',_binary '\0',_binary '\0','BEFORE','https://d11c1pk5qwkk9f.cloudfront.net/originals/45f76463-3789-4cb8-8f8e-d641c4170109.jpg','QmYEQstbcV9HPyRykgpHb6sYrmi28NTD7sjKGovc5YBLgS','1a2c7e8a-1a04-4962-8d11-dae6a541ff74','0032a55f-8df5-47d8-8f9c-8d6d9d8bb2a5',NULL,NULL,NULL,NULL),('55e375a5-c095-462e-9c1c-42a23541f65d','2026-03-27 15:08:34.665337','2026-03-27 15:08:34.665337','front-left',0,191,'https://d11c1pk5qwkk9f.cloudfront.net/crops/d211fa99-4a11-4416-a689-61f35553f849.jpg',_binary '\0',_binary '\0','BEFORE','https://d11c1pk5qwkk9f.cloudfront.net/originals/b5cd3382-d5ed-404d-8598-4599ba3a2475.jpg','QmXf6avATApNmsDdQFxEnbb33cUxPmggc5uu8gVTNwp6Lr','40fe616f-093e-4ad6-af90-b1730b3e60f6','bca8096e-ea98-4f3e-86ca-a66f7ae5be95',NULL,NULL,NULL,NULL),('56cb9a54-a635-48bf-be86-899cb1a6c55d','2026-03-27 13:36:07.471432','2026-03-27 13:36:07.471432','front-right',232,526,'https://d11c1pk5qwkk9f.cloudfront.net/crops/5bad2a22-a40a-4f2b-b680-a907fc932b35.jpg',_binary '\0',_binary '\0','BEFORE','https://d11c1pk5qwkk9f.cloudfront.net/originals/6e9498a5-fa06-4e60-b976-7a1c2c7c3afd.jpg','QmSkPSyxh4iSYboNnRsJTSpLYp1hYFv1FELyKPVTPhL28i','1a2c7e8a-1a04-4962-8d11-dae6a541ff74','0032a55f-8df5-47d8-8f9c-8d6d9d8bb2a5',NULL,NULL,NULL,NULL),('57d685ed-6653-4a62-aa62-9c609c6ddf16','2026-03-27 16:41:44.207421','2026-03-27 16:41:44.207421','front-right',58,283,'https://d11c1pk5qwkk9f.cloudfront.net/crops/d321d84c-fb07-4d02-b9cf-9c8ea7211984.jpg',_binary '\0',_binary '\0','AFTER','https://d11c1pk5qwkk9f.cloudfront.net/originals/1b381f23-a204-438a-9b9f-d82542ff20fa.jpg','QmaMmM5FNt6AiwGeAUNrHVxpaxf4G6x4YTFY6TURipkgp5','40fe616f-093e-4ad6-af90-b1730b3e60f6','31f86bcb-471d-42fc-9184-51205da83064',NULL,NULL,NULL,NULL),('5b403099-c0dc-40ad-9bbb-e95d61650c76','2026-03-27 10:21:15.462071','2026-03-27 10:21:15.462071','front',101,269,'https://d11c1pk5qwkk9f.cloudfront.net/crops/a348cd04-6b4a-4084-ad46-fc82878101be.jpg',_binary '\0',_binary '\0','BEFORE','https://d11c1pk5qwkk9f.cloudfront.net/originals/42b98c5c-1108-43db-91c5-3ee79b646601.jpg','QmZxV1T6cKb5toxRAkLX5HAsZYtjZmfh8mgRjaQsgbcWx4','40fe616f-093e-4ad6-af90-b1730b3e60f6','3692e9a4-2538-4fa4-9b28-c00746402ec3',NULL,NULL,NULL,NULL),('5b742cb4-7560-4bfd-9547-ebdb6a85077c','2026-03-28 06:34:03.280893','2026-03-28 06:34:03.280893','front-right',142,356,'https://d11c1pk5qwkk9f.cloudfront.net/crops/b4488962-a382-4875-854e-1a75852354de.jpg',_binary '\0',_binary '\0','BEFORE','https://d11c1pk5qwkk9f.cloudfront.net/originals/34d49caa-ed54-4a2b-a3d1-7bac42349381.jpg','QmPFT3oWoSC5GNQHqRxspk6NxVE4tJKicpxjgax1YRGvwU','40fe616f-093e-4ad6-af90-b1730b3e60f6','c91d1602-8824-4fe5-81c9-25ff73bbe7da',NULL,NULL,NULL,NULL),('5d79aedb-c09d-4ebe-aabc-03c752355600','2026-03-28 06:35:10.675165','2026-03-28 06:40:58.817935','front-right',78,195,'https://d11c1pk5qwkk9f.cloudfront.net/crops/f1d3d111-5f14-4ddc-8173-b6e2c0c3573b.jpg',_binary '\0',_binary '\0','AFTER','https://d11c1pk5qwkk9f.cloudfront.net/originals/4c03fab7-a533-445b-a797-f0b7b63fceaa.jpg','QmS59GpvmQuLsNYad8sUeWEjM6RF1FUjU4ZJWuUtmtGujf','40fe616f-093e-4ad6-af90-b1730b3e60f6','c91d1602-8824-4fe5-81c9-25ff73bbe7da',NULL,100,0,NULL),('5f9c15a5-c918-461f-a7c2-bda7ebf42338','2026-03-27 10:40:22.887329','2026-03-27 10:40:22.887329','rear-right',287,309,'https://d11c1pk5qwkk9f.cloudfront.net/crops/5dbf8b0b-1992-4255-96f0-2f9c89ad589e.jpg',_binary '\0',_binary '\0','AFTER','https://d11c1pk5qwkk9f.cloudfront.net/originals/f24b3542-4342-4ee1-8891-2aac5e9bd854.jpg','QmWqkn1kHcXaGZbCrmkLroFLHtnLpTxfL4R1g755jCU33t','40fe616f-093e-4ad6-af90-b1730b3e60f6','6477b5cd-cd3f-445f-8d41-806c7cdc39e1',NULL,NULL,NULL,NULL),('609e47d6-c2b6-48d8-9ceb-5a293d7e47ba','2026-03-27 15:10:26.004049','2026-03-27 15:10:26.004049','rear-right',274,310,'https://d11c1pk5qwkk9f.cloudfront.net/crops/a64d4094-188d-4d4e-9321-f4d55747998c.jpg',_binary '\0',_binary '\0','BEFORE','https://d11c1pk5qwkk9f.cloudfront.net/originals/daeb5ba9-db43-408e-95cf-a7c10e196265.jpg','Qme96rieqsULzkSXuz5ksiyjiCnpGrUUpxnoS6XpJDH9cP','40fe616f-093e-4ad6-af90-b1730b3e60f6','bca8096e-ea98-4f3e-86ca-a66f7ae5be95',NULL,NULL,NULL,NULL),('63ab584a-398b-4d65-9f2b-1fc627a63f3a','2026-03-26 17:20:45.921232','2026-03-26 17:20:45.921232','rear-right',286,274,'https://d11c1pk5qwkk9f.cloudfront.net/crops/247088db-2a9f-4973-a34c-15da4a24b900.jpg',_binary '\0',_binary '\0','BEFORE','https://d11c1pk5qwkk9f.cloudfront.net/originals/4205cefe-c0ba-43b6-b495-d4aa8de33bc8.jpg','QmbwUv3idoE2H4x5cbFrQcF31iqxYzqHEU3H4VWARp5zDJ','40fe616f-093e-4ad6-af90-b1730b3e60f6','c54ad18a-b875-4f87-9e80-fbb1d299a42a',NULL,NULL,NULL,NULL),('6406a486-15a2-4d4e-a46a-47d435d44ed8','2026-03-27 15:28:10.773670','2026-03-27 15:28:10.773670','rear',153,429,'https://d11c1pk5qwkk9f.cloudfront.net/crops/5db8614e-4dbc-47ac-be6e-752381f89924.jpg',_binary '\0',_binary '\0','AFTER','https://d11c1pk5qwkk9f.cloudfront.net/originals/7de629d2-047b-4a40-91b9-426ca97a0203.jpg','QmZEAfgnw3fdejNb7tLPXkdvt6mfM8BrtzVLnSkee6Y2ii','40fe616f-093e-4ad6-af90-b1730b3e60f6','ef2342aa-b2b7-426e-9f17-cd3d6b8a30e6',NULL,NULL,NULL,NULL),('644cd32e-57d2-469b-b944-0268ba6b1b0f','2026-03-26 16:37:54.980747','2026-03-26 16:37:54.980747','front-right',1,289,'https://d11c1pk5qwkk9f.cloudfront.net/crops/debc3b65-47c7-4b6e-a330-2dc0e1c151ef.jpg',_binary '\0',_binary '\0','BEFORE','https://d11c1pk5qwkk9f.cloudfront.net/originals/97d8dce8-bde6-4194-a0d4-41fdbc87a749.jpg','QmU91zoTVv9vNtaE1WVVjXborVLfKjteURWkoDtxgMnPa2','40fe616f-093e-4ad6-af90-b1730b3e60f6','c54ad18a-b875-4f87-9e80-fbb1d299a42a',NULL,NULL,NULL,NULL),('6458e8d2-e386-4d18-9794-8e5ec8361589','2026-03-27 15:46:08.665894','2026-03-27 15:46:08.665894','front-right',106,343,'https://d11c1pk5qwkk9f.cloudfront.net/crops/9e233df4-5cce-4068-b4a2-369b53e7afc8.jpg',_binary '\0',_binary '\0','BEFORE','https://d11c1pk5qwkk9f.cloudfront.net/originals/0329fa62-7a5e-46a5-bb88-194416d9e838.jpg','QmPKdAAGC3BHFo9y7kdLg9LQW6rFtCZAgZg8LzAMqPGP2f','40fe616f-093e-4ad6-af90-b1730b3e60f6','71b4c4f4-6713-49c3-ad1c-9dce80724048',NULL,NULL,NULL,NULL),('6539d511-835d-4b0a-80d0-577e0fa27bcc','2026-03-27 16:47:04.411063','2026-03-27 16:47:04.411063','rear-right',428,357,'https://d11c1pk5qwkk9f.cloudfront.net/crops/1f5350e4-126d-4ead-94f2-a28cc97c08e2.jpg',_binary '\0',_binary '\0','BEFORE','https://d11c1pk5qwkk9f.cloudfront.net/originals/37dc3ce8-fa14-44bf-9cc6-53d0d744541f.jpg','QmVQ5wU5PqXg8Wen49MiWeooNh2t4LiviZR9XN6vNuxSct','1a2c7e8a-1a04-4962-8d11-dae6a541ff74','e2190d3f-167d-4198-b6c4-c8c238ac34fa',NULL,NULL,NULL,NULL),('672dc06e-a0ca-4df9-b0c3-e8f3c3410a62','2026-03-27 12:33:22.692791','2026-03-27 12:33:22.692791','front-right',0,212,'https://d11c1pk5qwkk9f.cloudfront.net/crops/c0dfa9e7-4cd0-4e33-b625-239ac1bfb4df.jpg',_binary '\0',_binary '\0','BEFORE','https://d11c1pk5qwkk9f.cloudfront.net/originals/b6fd3ac2-9547-4de1-ac9a-53cea3329a57.jpg','QmSKzDh1jB2T16Fnosz7e7dpj2i1xpCXR5qxFgXZuVDftF','40fe616f-093e-4ad6-af90-b1730b3e60f6','bca8096e-ea98-4f3e-86ca-a66f7ae5be95',NULL,NULL,NULL,NULL),('69e60670-8b63-4092-8236-2a630ac863d0','2026-03-27 13:35:28.857729','2026-03-27 13:35:28.857729','front-right',355,512,'https://d11c1pk5qwkk9f.cloudfront.net/crops/5134aa97-3608-44fa-b380-2007a2d422ad.jpg',_binary '\0',_binary '\0','BEFORE','https://d11c1pk5qwkk9f.cloudfront.net/originals/df38cbe6-f7ed-4a1f-a156-d691336b32c8.jpg','QmWicX8yJELysAw4HS3o8BiyHvmP9JUis2uU7xoKsksFJz','40fe616f-093e-4ad6-af90-b1730b3e60f6','d3ae206e-458f-4411-9860-6a4743d05c73',NULL,NULL,NULL,NULL),('6a1024b9-280f-44c3-a6f7-fa2ba0637487','2026-03-27 13:34:07.805418','2026-03-27 13:34:07.805418','rear-left',342,337,'https://d11c1pk5qwkk9f.cloudfront.net/crops/49c722da-7ee7-43c7-b673-d2f981de38f3.jpg',_binary '\0',_binary '\0','BEFORE','https://d11c1pk5qwkk9f.cloudfront.net/originals/01137eba-5335-4b8a-9179-7dbf423be34e.jpg','QmVT5n2KKztqRSDJqnaGmwyLtLZLRcmHQ2YctXmsfXwacR','1a2c7e8a-1a04-4962-8d11-dae6a541ff74','0032a55f-8df5-47d8-8f9c-8d6d9d8bb2a5',NULL,NULL,NULL,NULL),('6a4830e6-48f1-4b90-b137-2eed2bf9d5c1','2026-03-27 13:36:28.131178','2026-03-27 13:36:28.131178','front-left',118,229,'https://d11c1pk5qwkk9f.cloudfront.net/crops/dece2999-c4a0-46da-b7be-48a7a3e90f76.jpg',_binary '\0',_binary '\0','BEFORE','https://d11c1pk5qwkk9f.cloudfront.net/originals/80e3f883-61d2-4b24-be8e-39bf19c5e9ce.jpg','QmUTKRvy9i9qVEtBVBumBqTaVwVZKTWn7sx59tdeZJYyQg','1a2c7e8a-1a04-4962-8d11-dae6a541ff74','0032a55f-8df5-47d8-8f9c-8d6d9d8bb2a5',NULL,NULL,NULL,NULL),('6b635b2a-0fa0-4321-a26d-c9baeb1ec607','2026-03-27 13:41:35.159830','2026-03-27 13:41:35.159830','front-left',0,249,'https://d11c1pk5qwkk9f.cloudfront.net/crops/91358406-4164-4597-9c17-e256a7f3b347.jpg',_binary '\0',_binary '\0','BEFORE','https://d11c1pk5qwkk9f.cloudfront.net/originals/d7b0d897-a787-4d57-bba1-841b058ed460.jpg','QmYs1nuQpTH3MxTaTHcTrNFUVShiYNxg2Cm7LfY7ZVq8dQ','1a2c7e8a-1a04-4962-8d11-dae6a541ff74','0032a55f-8df5-47d8-8f9c-8d6d9d8bb2a5',NULL,NULL,NULL,NULL),('6bd0223e-cdf9-48c1-9775-5027b536ab70','2026-03-27 16:12:10.677404','2026-03-27 16:22:46.003848','rear-right',398,309,'https://d11c1pk5qwkk9f.cloudfront.net/crops/c11ec595-1789-4c3a-a5b3-10702275dc10.jpg',_binary '\0',_binary '\0','AFTER','https://d11c1pk5qwkk9f.cloudfront.net/originals/5023694d-a9ee-4b71-9ee8-6c485d461c0a.jpg','QmcSZ3LvxnwkjPQjnHE9RTPoXwDiaNC1f9PVpbnBXLHpFf','40fe616f-093e-4ad6-af90-b1730b3e60f6','d3ae206e-458f-4411-9860-6a4743d05c73',NULL,NULL,NULL,NULL),('6da98196-daf6-4d45-8943-1eadaa5a1d8c','2026-03-26 16:23:41.476208','2026-03-26 16:23:41.476208','rear-right',171,116,'https://d11c1pk5qwkk9f.cloudfront.net/crops/a4c8f874-2c27-4a3d-a58b-eec7d9b05ec1.jpg',_binary '\0',_binary '\0','BEFORE','https://d11c1pk5qwkk9f.cloudfront.net/originals/8a769ffe-1ca9-4c1d-9bd4-34f53296629a.jpg','QmSd3tC1SSVDcw6CWaBcTR2dLdFS9Ek1KSkVynu464Rda5','40fe616f-093e-4ad6-af90-b1730b3e60f6','c54ad18a-b875-4f87-9e80-fbb1d299a42a',NULL,NULL,NULL,NULL),('6e8b86ba-613b-4aca-9eac-7a631319203d','2026-03-27 17:17:00.564249','2026-03-27 17:17:00.564249','rear-left',137,362,'https://d11c1pk5qwkk9f.cloudfront.net/crops/f61bc2df-1db7-4ce6-ba24-28aefa402de3.jpg',_binary '\0',_binary '\0','BEFORE','https://d11c1pk5qwkk9f.cloudfront.net/originals/26829cc5-2080-464f-90ff-7f2efc706318.jpg','QmaP6MvgyG6r8aDyYnAQKnT7o2jRuHK2XW1vSYQshXKc1h','1a2c7e8a-1a04-4962-8d11-dae6a541ff74','ddaac7cc-eeb2-4ffa-908a-9b058935c795',NULL,NULL,NULL,NULL),('70132713-5730-479c-9fe9-a83c81d96f99','2026-03-27 13:41:09.034811','2026-03-27 13:41:09.034811','rear-right',116,275,'https://d11c1pk5qwkk9f.cloudfront.net/crops/e92f36f0-c652-4a1a-bc44-ed168874fca9.jpg',_binary '\0',_binary '\0','BEFORE','https://d11c1pk5qwkk9f.cloudfront.net/originals/fd2ad211-b49d-44bb-aba3-75859bd3afff.jpg','QmUpvgjKLQbthCs25TaxfiJCtJzPJb6KmEs2X7wmuTxL61','1a2c7e8a-1a04-4962-8d11-dae6a541ff74','0032a55f-8df5-47d8-8f9c-8d6d9d8bb2a5',NULL,NULL,NULL,NULL),('70a04390-3adf-4f20-a84c-0a00e4495379','2026-03-27 13:41:43.840054','2026-03-27 13:41:43.840054','rear-left',94,73,'https://d11c1pk5qwkk9f.cloudfront.net/crops/4a1abe69-3beb-4b8c-a512-b56f0c063400.jpg',_binary '\0',_binary '\0','BEFORE','https://d11c1pk5qwkk9f.cloudfront.net/originals/08e6dbeb-4bf2-48cb-a4ab-735a195d9134.jpg','QmaqDPhTrBLGc3UdM4RvriAooudDQDth45gobro832odFH','1a2c7e8a-1a04-4962-8d11-dae6a541ff74','0032a55f-8df5-47d8-8f9c-8d6d9d8bb2a5',NULL,NULL,NULL,NULL),('7179a809-ffcc-4fbc-a685-7bf9255d35f5','2026-03-27 16:20:11.869130','2026-03-27 16:20:11.869130','rear-left',99,214,'https://d11c1pk5qwkk9f.cloudfront.net/crops/d4713dfc-acc7-4474-a1a7-06d238a7c341.jpg',_binary '\0',_binary '\0','BEFORE','https://d11c1pk5qwkk9f.cloudfront.net/originals/6c57b7ba-aa32-472b-83a3-1ec9a0c55d65.jpg','QmfDQXwsvRNrte785LTaJB8orbDHenjZbNP1h3U9ASnBcx','40fe616f-093e-4ad6-af90-b1730b3e60f6','5cec0826-7d20-4091-a7d1-531e99be46a3',NULL,NULL,NULL,NULL),('72c7f2c2-e9b3-40bb-913e-57049bc890b0','2026-03-27 15:08:57.156971','2026-03-27 15:08:57.156971','rear',134,74,'https://d11c1pk5qwkk9f.cloudfront.net/crops/29ec2652-a556-47d3-95c7-f4d1b1f3ebbc.jpg',_binary '\0',_binary '\0','BEFORE','https://d11c1pk5qwkk9f.cloudfront.net/originals/63f24b54-70ea-4185-8af0-d7b8f2808a76.jpg','QmbF45AAigKr8kHDcMotVeRxRnt2v5cQ5L9rZAFdfQqz6h','40fe616f-093e-4ad6-af90-b1730b3e60f6','bca8096e-ea98-4f3e-86ca-a66f7ae5be95',NULL,NULL,NULL,NULL),('7383a24c-aa3d-41b7-865d-9b8c5643afc8','2026-03-27 15:08:42.674377','2026-03-27 15:08:42.674377','rear-left',85,342,'https://d11c1pk5qwkk9f.cloudfront.net/crops/94bb2900-7032-4a12-a1f7-53292dcb6ab3.jpg',_binary '\0',_binary '\0','BEFORE','https://d11c1pk5qwkk9f.cloudfront.net/originals/7fc396d8-4007-4fed-8885-01026c23831e.jpg','QmasYoUTTAyK3EUtcAgyrsZ8uWcqXC6o9t1CVYmrwYYmW1','40fe616f-093e-4ad6-af90-b1730b3e60f6','bca8096e-ea98-4f3e-86ca-a66f7ae5be95',NULL,NULL,NULL,NULL),('74017ccc-2850-4cb4-8f1b-22876839464f','2026-03-27 13:34:24.990771','2026-03-27 13:34:24.990771','rear',87,415,'https://d11c1pk5qwkk9f.cloudfront.net/crops/4db528f7-7866-49bb-b8ee-f091293d643b.jpg',_binary '\0',_binary '\0','BEFORE','https://d11c1pk5qwkk9f.cloudfront.net/originals/12239142-81a5-4a84-84be-af395b13fa23.jpg','QmcphRJeBJ8hghZsjCU4hyLNSEVApStN87fQT1ugjNDsij','1a2c7e8a-1a04-4962-8d11-dae6a541ff74','0032a55f-8df5-47d8-8f9c-8d6d9d8bb2a5',NULL,NULL,NULL,NULL),('742df11c-30fd-4293-88d4-17f7847f1795','2026-03-27 15:25:47.814065','2026-03-27 15:25:47.814065','front-right',14,321,'https://d11c1pk5qwkk9f.cloudfront.net/crops/c994fcf2-9977-4e2b-9261-7cf951bb7a30.jpg',_binary '\0',_binary '\0','BEFORE','https://d11c1pk5qwkk9f.cloudfront.net/originals/56aed443-e1e7-4773-82ea-7cc8d22b302f.jpg','QmWykoDLge6TEM9T3vBfvnEnMWePduNgeroNfymrc4P318','40fe616f-093e-4ad6-af90-b1730b3e60f6','ef2342aa-b2b7-426e-9f17-cd3d6b8a30e6',NULL,NULL,NULL,NULL),('75050c04-2409-4147-a374-1b59cc7ac491','2026-03-27 17:15:27.895505','2026-03-27 17:15:27.895505','front-right',280,101,'https://d11c1pk5qwkk9f.cloudfront.net/crops/e0310615-c779-4f33-8ee2-9346d7e50636.jpg',_binary '\0',_binary '\0','BEFORE','https://d11c1pk5qwkk9f.cloudfront.net/originals/5d0561f9-b599-4984-baaa-75ad07fe61f6.jpg','QmZ9bRovAMwHX7fWabXyeUzE2J2Xe3ZXg8QLSqFBa28s2x','1a2c7e8a-1a04-4962-8d11-dae6a541ff74','ddaac7cc-eeb2-4ffa-908a-9b058935c795',NULL,NULL,NULL,NULL),('7516290c-14e6-4e79-9000-e53519e60862','2026-03-27 16:32:43.210236','2026-03-28 19:30:17.417720','rear-right',93,145,'https://d11c1pk5qwkk9f.cloudfront.net/crops/35aa2892-03e2-417c-83ff-63305a147cd2.jpg',_binary '',_binary '\0','AFTER','https://d11c1pk5qwkk9f.cloudfront.net/originals/9f7ac3a3-b81a-4bbc-95e0-016c1fc45d6a.jpg','QmagSmTdZRQxXVFBRRboxug6dHUD77KN5ug2n2sMLsVFmA','40fe616f-093e-4ad6-af90-b1730b3e60f6','5cec0826-7d20-4091-a7d1-531e99be46a3','4d72e572-e361-433d-bff5-58ff472ed16b',0,100,'https://d11c1pk5qwkk9f.cloudfront.net/crops/d6a6307d-63fa-4765-b7ce-808ac268a484.jpg'),('75853db7-0cde-45cb-b7d1-808ade70a47c','2026-03-26 16:50:14.496724','2026-03-26 16:50:14.496724','rear-right',306,239,'https://d11c1pk5qwkk9f.cloudfront.net/crops/b152a4cb-8328-4812-a79a-420379bb27d6.jpg',_binary '\0',_binary '\0','BEFORE','https://d11c1pk5qwkk9f.cloudfront.net/originals/4e1e1a8c-6208-48b5-9a62-781b31743636.jpg','QmduumG7gHTSv5GPYhMkYUU39hf2uQYDyjFw61uzdJZrXZ','40fe616f-093e-4ad6-af90-b1730b3e60f6','c54ad18a-b875-4f87-9e80-fbb1d299a42a',NULL,NULL,NULL,NULL),('76e7bd9a-c98c-46ca-9fac-61f69e8a74e9','2026-03-27 11:11:09.813217','2026-03-27 11:11:09.813217','rear-right',269,317,'https://d11c1pk5qwkk9f.cloudfront.net/crops/03753ff4-d3aa-4b8c-be1a-c543dd02f716.jpg',_binary '\0',_binary '\0','AFTER','https://d11c1pk5qwkk9f.cloudfront.net/originals/49c10696-ce12-427b-8fac-5c11b3e6f93b.jpg','QmdoUSrgqxjRfKF8JrphGgFWtAsrcFi6SwEHGajh2UtNHS','1a2c7e8a-1a04-4962-8d11-dae6a541ff74','9e0f91b2-d8e0-4464-bf80-3f4e61303457',NULL,NULL,NULL,NULL),('76e9a3c5-9339-4723-bc5d-75291f589f06','2026-03-27 12:09:26.599601','2026-03-27 12:09:26.599601','rear-left',164,363,'https://d11c1pk5qwkk9f.cloudfront.net/crops/8cf00c82-4b8c-45e3-8322-9fff9f54cb9b.jpg',_binary '\0',_binary '\0','BEFORE','https://d11c1pk5qwkk9f.cloudfront.net/originals/e5ade277-e45d-4cac-b0e6-7d2c1d778706.jpg','QmYL9wpBtE5ydXYcZ4gDQHHdkZYpD56HC3dcFKrsuYTyWk','1a2c7e8a-1a04-4962-8d11-dae6a541ff74','deff5ec3-6cd4-41cb-9af3-ae8b5cae6303',NULL,NULL,NULL,NULL),('7b46271e-3b23-49ce-ba6f-b51b855382f4','2026-03-27 12:16:35.052634','2026-03-28 19:16:12.515007','front-right',31,232,'https://d11c1pk5qwkk9f.cloudfront.net/crops/283df6fd-f58d-491d-b5a8-55a4f9ebfe3e.jpg',_binary '\0',_binary '\0','AFTER','https://d11c1pk5qwkk9f.cloudfront.net/originals/cdf40aed-0d06-444e-9e83-e8a4c59cd268.jpg','QmcVvKeGfeTtRMnNLLxFUQKgnwhYNjAuZfD6TD49MwkZVp','1a2c7e8a-1a04-4962-8d11-dae6a541ff74','deff5ec3-6cd4-41cb-9af3-ae8b5cae6303','4fed3971-5c47-4b75-b456-3d303e416595',0,100,'https://d11c1pk5qwkk9f.cloudfront.net/crops/2e1a4244-76da-491b-85c3-9c5e18e134cb.jpg'),('7c50a765-fe9b-4e91-aaad-79f0518b985a','2026-03-27 15:27:47.313725','2026-03-27 15:27:47.313725','front-right',92,277,'https://d11c1pk5qwkk9f.cloudfront.net/crops/5a6c3ee2-bc3b-4bcb-b146-cf44b454819a.jpg',_binary '\0',_binary '\0','AFTER','https://d11c1pk5qwkk9f.cloudfront.net/originals/24904602-2797-4614-a986-8d7bbb192b2e.jpg','QmTU8XJUqLxbTSaMoyKpGhxHNETuUrMYEL9pJji9gws17s','40fe616f-093e-4ad6-af90-b1730b3e60f6','ef2342aa-b2b7-426e-9f17-cd3d6b8a30e6',NULL,NULL,NULL,NULL),('7c56cd74-8630-4493-831b-e1c9cfcfebe6','2026-03-28 17:34:33.161777','2026-03-28 17:40:09.807138','front-right',136,287,'https://d11c1pk5qwkk9f.cloudfront.net/crops/ce3a15db-50d4-41bf-8102-ee9ced3bc017.jpg',_binary '\0',_binary '\0','AFTER','https://d11c1pk5qwkk9f.cloudfront.net/originals/6c9f3c6e-c162-45a8-87d3-e22eea32100a.jpg','QmUxZXmrnFzq5D6ftLJHSYuWhaSsxa1nVtPn14RJZmq6U7','40fe616f-093e-4ad6-af90-b1730b3e60f6','1b9a45e2-8c99-4b48-be59-4ecdadc5dac3',NULL,100,0,NULL),('7cc3a4bd-ae33-4f15-aea6-5002f7ea2140','2026-03-27 16:47:13.295827','2026-03-27 16:47:13.295827','front-right',108,340,'https://d11c1pk5qwkk9f.cloudfront.net/crops/5c2dd736-c30f-4439-80d1-1d0aef667150.jpg',_binary '\0',_binary '\0','BEFORE','https://d11c1pk5qwkk9f.cloudfront.net/originals/3d64f516-f9b0-4446-811c-fa2b75764ccd.jpg','Qmezhjty2gzKYYzLsbNGPXUchSsM2vxq1PpUVKebTLk797','1a2c7e8a-1a04-4962-8d11-dae6a541ff74','e2190d3f-167d-4198-b6c4-c8c238ac34fa',NULL,NULL,NULL,NULL),('7d6f9132-56ea-4950-8977-2d5dc433f50f','2026-03-27 13:39:37.149136','2026-03-27 13:39:37.149136','rear-left',100,449,'https://d11c1pk5qwkk9f.cloudfront.net/crops/490c509b-49aa-4f83-beff-c44b5389ba7c.jpg',_binary '\0',_binary '\0','BEFORE','https://d11c1pk5qwkk9f.cloudfront.net/originals/1a3ebc1c-4806-4db3-968e-3c40f862be85.jpg','Qmf4JibprQzjFGMzi6ycYB2iGEmrsrP76UdbYZHNkozTV2','1a2c7e8a-1a04-4962-8d11-dae6a541ff74','0032a55f-8df5-47d8-8f9c-8d6d9d8bb2a5',NULL,NULL,NULL,NULL),('7da93a3c-46f3-4198-8e62-27ab756b8b6b','2026-03-27 16:19:56.921754','2026-03-27 16:19:56.921754','rear-right',95,232,'https://d11c1pk5qwkk9f.cloudfront.net/crops/9d65f0e5-a510-4c0d-9c06-edc67088b960.jpg',_binary '\0',_binary '\0','BEFORE','https://d11c1pk5qwkk9f.cloudfront.net/originals/f72c1e59-286d-4d72-9f9a-96d638fd9c1a.jpg','QmadQu92mXh8yM8riucGjNJQqhhXTQg2mRgfT4H48az1YF','40fe616f-093e-4ad6-af90-b1730b3e60f6','5cec0826-7d20-4091-a7d1-531e99be46a3',NULL,NULL,NULL,NULL),('7e691986-0bf2-4db7-8c2b-1295c46ef4e8','2026-03-27 16:43:21.587502','2026-03-28 18:55:51.060760','front-left',114,327,'https://d11c1pk5qwkk9f.cloudfront.net/crops/703b6838-8e45-472b-88f8-005227bdc9a9.jpg',_binary '\0',_binary '\0','AFTER','https://d11c1pk5qwkk9f.cloudfront.net/originals/427fc352-1715-47d8-93bf-e3061f9b0ea6.jpg','QmZa1DGadwZ3uomudncHMozSFqmCVMgDmcutBLZdxTV2yc','1a2c7e8a-1a04-4962-8d11-dae6a541ff74','0032a55f-8df5-47d8-8f9c-8d6d9d8bb2a5','4b2abdbf-943e-4469-ad11-e371e4b3340b',0.95,5,'https://d11c1pk5qwkk9f.cloudfront.net/crops/8dc758d8-76a9-49b5-ba4b-8066b28392f4.jpg'),('7eda06ea-2486-4eaa-a03b-8e4eaff24081','2026-03-26 17:28:31.074405','2026-03-26 17:28:31.074405','front',61,236,'https://d11c1pk5qwkk9f.cloudfront.net/crops/f18e7723-877d-4407-9c1b-00bfcba25b42.jpg',_binary '\0',_binary '\0','AFTER','https://d11c1pk5qwkk9f.cloudfront.net/originals/a69d8af0-0658-4c04-b0e0-d448735fda9e.jpg','QmcR3CtjGGkusheqJYD5KGqjbMqQuNQ2q6Lf8EkdjTACjM','40fe616f-093e-4ad6-af90-b1730b3e60f6','c54ad18a-b875-4f87-9e80-fbb1d299a42a',NULL,NULL,NULL,NULL),('8103f2d1-9261-4814-9517-6e3d7a28cd3d','2026-03-28 17:35:45.561677','2026-03-28 17:40:09.807267','rear-left',165,357,'https://d11c1pk5qwkk9f.cloudfront.net/crops/86edf31d-f78e-404f-9a4d-e53cfe613dbb.jpg',_binary '\0',_binary '\0','AFTER','https://d11c1pk5qwkk9f.cloudfront.net/originals/46151667-16b7-4dc8-b7a3-261752346653.jpg','QmdKarw2z5yRNeDDYiQJb5zvek62s62SiGXzFhjQ5e3EZV','40fe616f-093e-4ad6-af90-b1730b3e60f6','1b9a45e2-8c99-4b48-be59-4ecdadc5dac3',NULL,100,0,NULL),('8266d425-fdae-467c-a2c8-45c0b2768584','2026-03-27 12:33:12.379825','2026-03-27 12:33:12.379825','rear-right',271,299,'https://d11c1pk5qwkk9f.cloudfront.net/crops/b4767403-06a2-4daf-9a6b-cea0d22950ea.jpg',_binary '\0',_binary '\0','BEFORE','https://d11c1pk5qwkk9f.cloudfront.net/originals/4f843358-989a-4435-ad85-bb029d3d066b.jpg','QmamK9D3sBLm9QpsT2zz83fi3EeM8GtG6XZhkYbeFapbxp','40fe616f-093e-4ad6-af90-b1730b3e60f6','bca8096e-ea98-4f3e-86ca-a66f7ae5be95',NULL,NULL,NULL,NULL),('83dee9cc-de20-4e18-87bc-5cba98dd61e2','2026-03-27 13:35:28.856161','2026-03-27 13:35:28.856161','front-right',103,560,'https://d11c1pk5qwkk9f.cloudfront.net/crops/596a30c3-a382-47a4-ae1c-044320f6f112.jpg',_binary '\0',_binary '\0','BEFORE','https://d11c1pk5qwkk9f.cloudfront.net/originals/df38cbe6-f7ed-4a1f-a156-d691336b32c8.jpg','QmT7XLDzE6ESDpFEzC94LQGwtGjUUr2S9uSv13XJHvveMb','40fe616f-093e-4ad6-af90-b1730b3e60f6','d3ae206e-458f-4411-9860-6a4743d05c73',NULL,NULL,NULL,NULL),('84823aad-d5a1-4dc9-95c8-ae425361108e','2026-03-27 13:36:07.468641','2026-03-27 13:36:07.468641','front-right',262,309,'https://d11c1pk5qwkk9f.cloudfront.net/crops/dc6b2874-a593-42a2-a8e1-bc1a9bf1018d.jpg',_binary '\0',_binary '\0','BEFORE','https://d11c1pk5qwkk9f.cloudfront.net/originals/6e9498a5-fa06-4e60-b976-7a1c2c7c3afd.jpg','QmYKPW1sp6urxbqtR71ujBpi4pB2VNhBHVW3znLj4DxFxK','1a2c7e8a-1a04-4962-8d11-dae6a541ff74','0032a55f-8df5-47d8-8f9c-8d6d9d8bb2a5',NULL,NULL,NULL,NULL),('84b2bd8d-f474-4268-9b83-32fad96dbaf4','2026-03-27 15:08:34.666418','2026-03-27 15:08:34.666418','front-left',0,190,'https://d11c1pk5qwkk9f.cloudfront.net/crops/e0f87475-68a8-4472-bbed-9f3a7b8d247a.jpg',_binary '\0',_binary '\0','BEFORE','https://d11c1pk5qwkk9f.cloudfront.net/originals/b5cd3382-d5ed-404d-8598-4599ba3a2475.jpg','QmbMy3ECoDuqnxFqBeb13UQfLViiGw4Suo6M5QGNisXv4p','40fe616f-093e-4ad6-af90-b1730b3e60f6','bca8096e-ea98-4f3e-86ca-a66f7ae5be95',NULL,NULL,NULL,NULL),('85deb6f5-5ab4-4a34-aa1f-49c5f2852cdd','2026-03-27 13:39:02.742323','2026-03-27 13:39:02.742323','front-right',17,64,'https://d11c1pk5qwkk9f.cloudfront.net/crops/fb3d6b0f-e6df-494f-a677-0f1a4dbe78a2.jpg',_binary '\0',_binary '\0','BEFORE','https://d11c1pk5qwkk9f.cloudfront.net/originals/da603244-964c-488c-9510-2646568f7bfc.jpg','QmYgbr4xiu6t9Svb5qonoq6hquePHXuig7kH54LMz6HRNn','1a2c7e8a-1a04-4962-8d11-dae6a541ff74','0032a55f-8df5-47d8-8f9c-8d6d9d8bb2a5',NULL,NULL,NULL,NULL),('86eef3d1-cc10-4b4b-b033-d433eed45027','2026-03-27 16:08:14.696071','2026-03-27 16:08:14.696071','front',319,294,'https://d11c1pk5qwkk9f.cloudfront.net/crops/1ab57bc5-f7be-45a1-8d35-b7a944a53b83.jpg',_binary '\0',_binary '\0','BEFORE','https://d11c1pk5qwkk9f.cloudfront.net/originals/5ade967b-ba9e-4145-8bd9-6d86207c6dfa.jpg','QmUucXY6jVWndXvt3iASkjdvf3mUYiEnNLaxWvfdE6i5rj','40fe616f-093e-4ad6-af90-b1730b3e60f6','5cec0826-7d20-4091-a7d1-531e99be46a3',NULL,NULL,NULL,NULL),('874e765e-2482-4e53-8b18-eead4c0a3a43','2026-03-28 06:35:36.318550','2026-03-28 06:40:58.818109','front-left',65,213,'https://d11c1pk5qwkk9f.cloudfront.net/crops/67114099-ce57-484c-859e-0f34b76ed04f.jpg',_binary '\0',_binary '\0','AFTER','https://d11c1pk5qwkk9f.cloudfront.net/originals/1eb3512f-6943-4d90-8d6f-79ef705b1d77.jpg','QmPrc9yJ6BwdP3uuwE2Ae4tHGTx21jus78Gk23QwoAXn1C','40fe616f-093e-4ad6-af90-b1730b3e60f6','c91d1602-8824-4fe5-81c9-25ff73bbe7da',NULL,100,0,NULL),('87b94413-6588-4205-ba13-d083044ceb66','2026-03-27 10:16:11.150017','2026-03-27 10:16:11.150017','rear-right',238,333,'https://d11c1pk5qwkk9f.cloudfront.net/crops/f493f986-1a6b-4481-9f2d-31ae0ff75228.jpg',_binary '\0',_binary '\0','BEFORE','https://d11c1pk5qwkk9f.cloudfront.net/originals/7924ed34-26f9-45ba-bbcf-3791eb3b5e8c.jpg','QmSTM2q6WAGA3i5ZmNsK3BxsDHtB4UN1bgeCSCvnv8a9qV','40fe616f-093e-4ad6-af90-b1730b3e60f6','36f102c0-65db-430e-a038-23f2ad5230f4',NULL,NULL,NULL,NULL),('8802d502-afcf-4756-a30d-7b9128a3f2f9','2026-03-28 07:09:57.718172','2026-03-28 07:09:57.718172','rear-right',50,332,'https://d11c1pk5qwkk9f.cloudfront.net/crops/822c7cce-f0a3-4def-b6e1-66a43b95dd44.jpg',_binary '\0',_binary '\0','BEFORE','https://d11c1pk5qwkk9f.cloudfront.net/originals/70d8442d-8402-41bd-b642-87e279074bd7.jpg','QmTRRTxuj4feDLeu9VN9A45fVJBUppc7zSA5ChYaKKsH5q','1a2c7e8a-1a04-4962-8d11-dae6a541ff74','d15e4bba-6841-4cc7-a46b-dea924268a77',NULL,NULL,NULL,NULL),('88a70598-ecec-454f-98e8-83401ae89295','2026-03-28 21:41:34.837243','2026-03-28 21:41:34.837243','front-right',218,330,'https://d11c1pk5qwkk9f.cloudfront.net/crops/12af6bea-2b16-4883-af57-86e62dd4d325.jpg',_binary '\0',_binary '\0','BEFORE','https://d11c1pk5qwkk9f.cloudfront.net/originals/146014ee-29a0-4005-ab71-44a1c18631d4.jpg','QmZkJftKaJFBw5NGMW89T7MgPjegky4Di1Hi3Xkkx8tiLq','8df575e2-146f-41fe-958f-1088b27ccd38','27ba3a5c-2235-44b0-a499-5e70f21ac82e',NULL,NULL,NULL,NULL),('8a0a79fa-83d7-46b7-b1ff-31999c4d0a9c','2026-03-27 16:10:38.001038','2026-03-27 16:10:38.001038','front-right',69,271,'https://d11c1pk5qwkk9f.cloudfront.net/crops/5ce72188-6d09-4bfe-85d9-bf1aa1ba835f.jpg',_binary '\0',_binary '\0','BEFORE','https://d11c1pk5qwkk9f.cloudfront.net/originals/d23539a8-d98b-46bb-bda1-8c68229047be.jpg','QmPb4s7KpK1yijBHTzL95nur5aE7PMXrXPrJbxiM4CzAQy','40fe616f-093e-4ad6-af90-b1730b3e60f6','d3ae206e-458f-4411-9860-6a4743d05c73',NULL,NULL,NULL,NULL),('8b596853-f102-4004-9af4-4de761e80ae4','2026-03-27 16:42:53.599999','2026-03-28 18:55:51.061050','rear-right',93,302,'https://d11c1pk5qwkk9f.cloudfront.net/crops/02fb11bb-6c59-4eb4-9cc4-4a2ecf76958f.jpg',_binary '\0',_binary '\0','AFTER','https://d11c1pk5qwkk9f.cloudfront.net/originals/ac721c6e-5ebe-4347-85c3-f3f0336a7ccd.jpg','Qme2i6u2vSacdvuEJF3gViWvFsqMuBBhVyQukM7M2m8c6Q','1a2c7e8a-1a04-4962-8d11-dae6a541ff74','0032a55f-8df5-47d8-8f9c-8d6d9d8bb2a5','70132713-5730-479c-9fe9-a83c81d96f99',0.95,5,'https://d11c1pk5qwkk9f.cloudfront.net/crops/e92f36f0-c652-4a1a-bc44-ed168874fca9.jpg'),('8c6382af-b8e3-4788-b266-34dffd155f29','2026-03-27 17:38:34.678740','2026-03-27 17:38:34.678740','rear-right',276,78,'https://d11c1pk5qwkk9f.cloudfront.net/crops/18b8da11-f4c6-4a35-b6b1-f5525b4bf48d.jpg',_binary '\0',_binary '\0','BEFORE','https://d11c1pk5qwkk9f.cloudfront.net/originals/38c66b45-1a3b-4c6e-8753-58823d86e5b1.jpg','QmPC1CpiQNRfjsZm87XX6QEeEzzbzjT2fS1spHMHoGfHpJ','40fe616f-093e-4ad6-af90-b1730b3e60f6','9244b5cc-6ea1-4d1f-bc75-d2be717e1277',NULL,NULL,NULL,NULL),('8cec562f-95a2-48fc-860b-19ae73109d49','2026-03-27 15:20:17.677861','2026-03-27 15:20:17.677861','rear',157,421,'https://d11c1pk5qwkk9f.cloudfront.net/crops/acb20457-686d-42ba-9096-2fcdb62ea971.jpg',_binary '\0',_binary '\0','AFTER','https://d11c1pk5qwkk9f.cloudfront.net/originals/1870d6f4-15c0-44ce-ad31-4a5e9a6c13c2.jpg','QmSaUW2Ke3r2wH455KehD5sW24AvfghNrwTNFT2zmT9d5U','40fe616f-093e-4ad6-af90-b1730b3e60f6','bca8096e-ea98-4f3e-86ca-a66f7ae5be95',NULL,NULL,NULL,NULL),('8eaeb1e2-00f9-45a3-96ee-9ac4dd797279','2026-03-27 13:35:12.756316','2026-03-27 13:35:12.756316','rear-right',251,412,'https://d11c1pk5qwkk9f.cloudfront.net/crops/0f1afc1d-8774-4f44-9a22-c3aee62415ef.jpg',_binary '\0',_binary '\0','BEFORE','https://d11c1pk5qwkk9f.cloudfront.net/originals/ec51e118-a353-4c81-b5d9-a535186da5f1.jpg','QmZXemYWW9xfwraoM6hqhJpkmpTwuHS7LcxxaLZm9izn4R','40fe616f-093e-4ad6-af90-b1730b3e60f6','d3ae206e-458f-4411-9860-6a4743d05c73',NULL,NULL,NULL,NULL),('8f4560f9-a906-4440-bef3-2ba23c5f8f25','2026-03-27 11:27:21.539788','2026-03-27 11:27:21.539788','rear-right',252,331,'https://d11c1pk5qwkk9f.cloudfront.net/crops/804472bd-9d79-4d09-b12b-99dbf3af808b.jpg',_binary '\0',_binary '\0','BEFORE','https://d11c1pk5qwkk9f.cloudfront.net/originals/14cc50b8-5116-40f6-b63f-c8c55ae94462.jpg','QmWVyJLyMpCxaP1HQPvPTyoGhbKr1oTKxoDmqFK9zmyqAh','40fe616f-093e-4ad6-af90-b1730b3e60f6','ef2342aa-b2b7-426e-9f17-cd3d6b8a30e6',NULL,NULL,NULL,NULL),('902ff91c-c3d4-4259-b10c-37e74aee781a','2026-03-27 13:39:53.464245','2026-03-27 13:39:53.464245','rear',19,46,'https://d11c1pk5qwkk9f.cloudfront.net/crops/0ca90b1f-0232-483c-a7de-87c98d062ab9.jpg',_binary '\0',_binary '\0','BEFORE','https://d11c1pk5qwkk9f.cloudfront.net/originals/888ccdc2-c0f5-4be2-b9c4-5d991f09fc10.jpg','QmNTf9gMzWZeaKpXu4DYNwtPAoENAV7hWLkY3mxih2GWTw','1a2c7e8a-1a04-4962-8d11-dae6a541ff74','0032a55f-8df5-47d8-8f9c-8d6d9d8bb2a5',NULL,NULL,NULL,NULL),('903326f7-3678-4ac4-a6e7-3c0bdb2fccfc','2026-03-27 15:51:17.202731','2026-03-27 15:51:17.202731','front-right',73,314,'https://d11c1pk5qwkk9f.cloudfront.net/crops/12cbd27f-314a-4b92-929b-993be013ac22.jpg',_binary '\0',_binary '\0','AFTER','https://d11c1pk5qwkk9f.cloudfront.net/originals/e325fb4b-effb-4c69-aca4-56a83e37e46e.jpg','QmNZpz89rtU7vfMDq1rWFp4TLckYXi3XtLvmUJuNcwu1H3','40fe616f-093e-4ad6-af90-b1730b3e60f6','71b4c4f4-6713-49c3-ad1c-9dce80724048',NULL,NULL,NULL,NULL),('90415d09-4f26-42eb-99c8-3038726351c2','2026-03-27 11:27:26.766847','2026-03-27 11:27:26.766847','front-right',28,226,'https://d11c1pk5qwkk9f.cloudfront.net/crops/ef2a30d9-fdbd-44bd-aed7-d77b68ac211f.jpg',_binary '\0',_binary '\0','BEFORE','https://d11c1pk5qwkk9f.cloudfront.net/originals/89e079ae-cfa7-489f-a590-6bbeaf6a49f9.jpg','QmYgxPKfmuKojTSiLWLRvUfy6hDmKqXV3C6CsUGkTnxJtm','40fe616f-093e-4ad6-af90-b1730b3e60f6','ef2342aa-b2b7-426e-9f17-cd3d6b8a30e6',NULL,NULL,NULL,NULL),('91262157-fe88-4416-850e-fe39c2e2cd29','2026-03-26 16:24:02.939032','2026-03-26 16:24:02.939032','front',214,125,'https://d11c1pk5qwkk9f.cloudfront.net/crops/19113afc-4e83-4108-9a8a-07adef5c3b9f.jpg',_binary '\0',_binary '\0','BEFORE','https://d11c1pk5qwkk9f.cloudfront.net/originals/1338cc38-df1c-43de-bb7e-fe56e6d52433.jpg','QmemKi2qnY2Jv65Kr9UKtXBu7pmow6rrdd1kZ6oaYuvFqM','40fe616f-093e-4ad6-af90-b1730b3e60f6','c54ad18a-b875-4f87-9e80-fbb1d299a42a',NULL,NULL,NULL,NULL),('913acf30-6101-408e-bcc1-50b0cfcd3cf4','2026-03-28 17:29:54.953642','2026-03-28 17:29:54.953642','front-right',391,96,'https://d11c1pk5qwkk9f.cloudfront.net/crops/d0db2ece-87ac-438d-a5f4-d3e64cd13f63.jpg',_binary '\0',_binary '\0','BEFORE','https://d11c1pk5qwkk9f.cloudfront.net/originals/ebccd75c-3ac1-4bf0-b856-f9c422af9639.jpg','QmWsZo8Tdj7oBzsk5hwzXhRgKACvn5hfz4zJqNowSz6kTu','40fe616f-093e-4ad6-af90-b1730b3e60f6','1b9a45e2-8c99-4b48-be59-4ecdadc5dac3',NULL,NULL,NULL,NULL),('914008b4-5f90-4d13-8615-a563e71fe983','2026-03-27 16:41:20.155805','2026-03-28 18:55:51.061214','rear-right',335,404,'https://d11c1pk5qwkk9f.cloudfront.net/crops/ec39b917-8c42-4049-8916-c411931172bf.jpg',_binary '\0',_binary '\0','AFTER','https://d11c1pk5qwkk9f.cloudfront.net/originals/6328490b-09da-4517-9d30-8d09c24fcf62.jpg','QmZRjfikvWoLapv1X7j66wV385ssa5ckhYjEckfLHEoTjX','1a2c7e8a-1a04-4962-8d11-dae6a541ff74','0032a55f-8df5-47d8-8f9c-8d6d9d8bb2a5','70132713-5730-479c-9fe9-a83c81d96f99',0.95,5,'https://d11c1pk5qwkk9f.cloudfront.net/crops/e92f36f0-c652-4a1a-bc44-ed168874fca9.jpg'),('91c93d29-4aa4-4e9b-91d4-3012033b5992','2026-03-27 13:43:15.274140','2026-03-27 13:43:15.274140','rear-right',138,0,'https://d11c1pk5qwkk9f.cloudfront.net/crops/717e9217-77fb-421f-87c9-ee401a74dd81.jpg',_binary '\0',_binary '\0','BEFORE','https://d11c1pk5qwkk9f.cloudfront.net/originals/af71a8d4-cbcd-4030-a2cf-f2e95ff3ab22.jpg','QmdpeagWafwdoZWkkRDBpviP7qyFRbbjNCjV4A5jB7F1wB','1a2c7e8a-1a04-4962-8d11-dae6a541ff74','0032a55f-8df5-47d8-8f9c-8d6d9d8bb2a5',NULL,NULL,NULL,NULL),('91edbc0a-6b7f-4c9f-bc4c-0f24934461c0','2026-03-27 16:42:06.795339','2026-03-27 16:42:06.795339','rear',177,296,'https://d11c1pk5qwkk9f.cloudfront.net/crops/152fd76f-a84f-4ae5-8f48-97ba54b03940.jpg',_binary '\0',_binary '\0','AFTER','https://d11c1pk5qwkk9f.cloudfront.net/originals/23fa5d2d-575a-438b-9bef-99aef727cdf7.jpg','QmV1GMjdC5MNYo1ZXjRJEBZW3hVJaUgn1mhNcaDWSyUam5','40fe616f-093e-4ad6-af90-b1730b3e60f6','31f86bcb-471d-42fc-9184-51205da83064',NULL,NULL,NULL,NULL),('92bd2da1-4241-43f7-9ed8-b3d651a40afa','2026-03-27 15:08:16.684690','2026-03-27 15:08:16.684690','front-right',25,330,'https://d11c1pk5qwkk9f.cloudfront.net/crops/40e32829-7c16-4bee-968e-c56909c941a8.jpg',_binary '\0',_binary '\0','BEFORE','https://d11c1pk5qwkk9f.cloudfront.net/originals/1a8d3ec2-69aa-4743-a2c7-b23abdbaafba.jpg','QmXNi9SL1RGVCz8YHHWVJKB8RyhTva36HVmvBNTaKTk9Zz','40fe616f-093e-4ad6-af90-b1730b3e60f6','bca8096e-ea98-4f3e-86ca-a66f7ae5be95',NULL,NULL,NULL,NULL),('9326dc6d-e0eb-44f3-8dc2-cfba7f2aba6d','2026-03-27 11:39:52.286994','2026-03-27 11:39:52.286994','front-left',352,363,'https://d11c1pk5qwkk9f.cloudfront.net/crops/9974adcd-f99e-4e4f-860d-69049d0b204e.jpg',_binary '\0',_binary '\0','BEFORE','https://d11c1pk5qwkk9f.cloudfront.net/originals/b5b402b9-9ffc-4f5e-8064-affb2c024fe5.jpg','QmacuLJ8YPotHa8ixD2cqvN9VAP3aFXzxa5Uy13kSfjDkH','40fe616f-093e-4ad6-af90-b1730b3e60f6','bca8096e-ea98-4f3e-86ca-a66f7ae5be95',NULL,NULL,NULL,NULL),('948754fd-ebff-4d78-902f-eea7c9145cee','2026-03-27 10:22:50.799041','2026-03-27 10:22:50.799041','rear-right',289,224,'https://d11c1pk5qwkk9f.cloudfront.net/crops/751738c8-84b5-4aa4-9214-937c910f87e3.jpg',_binary '\0',_binary '\0','BEFORE','https://d11c1pk5qwkk9f.cloudfront.net/originals/996af9c7-a4c4-4057-b60d-4f01ba7111ab.jpg','QmVg7z7MiC7J2PzwwNaVKKJDThS9bgf5mA3vvV9pdhsfV6','40fe616f-093e-4ad6-af90-b1730b3e60f6','3692e9a4-2538-4fa4-9b28-c00746402ec3',NULL,NULL,NULL,NULL),('94bb4a98-12b0-4990-9648-899a6019946f','2026-03-27 15:25:42.492582','2026-03-27 15:25:42.492582','rear-right',284,291,'https://d11c1pk5qwkk9f.cloudfront.net/crops/460ead35-b345-41fb-ba4f-c546a98a7403.jpg',_binary '\0',_binary '\0','BEFORE','https://d11c1pk5qwkk9f.cloudfront.net/originals/32c11094-7a63-492b-b20c-efb3a6c7251e.jpg','QmXT6r89uH4EQ8AWvquFwWiFmzPqfBreASr1omhSyKSPAn','40fe616f-093e-4ad6-af90-b1730b3e60f6','ef2342aa-b2b7-426e-9f17-cd3d6b8a30e6',NULL,NULL,NULL,NULL),('95668e0c-890b-4079-844a-dfd934de0da8','2026-03-27 15:08:57.154942','2026-03-27 15:08:57.154942','rear',0,438,'https://d11c1pk5qwkk9f.cloudfront.net/crops/d3401f53-9e66-4996-ac54-bdfb5ffc75f0.jpg',_binary '\0',_binary '\0','BEFORE','https://d11c1pk5qwkk9f.cloudfront.net/originals/63f24b54-70ea-4185-8af0-d7b8f2808a76.jpg','QmUeznxwa3FuuZpM9A9cwu79vkcEAt7coRCcfsxnXmUNT2','40fe616f-093e-4ad6-af90-b1730b3e60f6','bca8096e-ea98-4f3e-86ca-a66f7ae5be95',NULL,NULL,NULL,NULL),('95765e9e-b20f-4cb8-a6d7-fe7dd1f19b2e','2026-03-27 11:27:39.961643','2026-03-27 11:27:39.961643','rear',139,327,'https://d11c1pk5qwkk9f.cloudfront.net/crops/7a21f9d2-1e62-47d0-8b65-4abd10037374.jpg',_binary '\0',_binary '\0','BEFORE','https://d11c1pk5qwkk9f.cloudfront.net/originals/b8983765-32b8-4d1e-aa20-5c754ac621e6.jpg','QmPG98WWikg57Aq1Qyj5gcN27xQ6VKtsAGN2WHSvEwVVCY','40fe616f-093e-4ad6-af90-b1730b3e60f6','ef2342aa-b2b7-426e-9f17-cd3d6b8a30e6',NULL,NULL,NULL,NULL),('95a4fee1-7c4c-4dd4-91b9-1a18aa228a5b','2026-03-27 16:20:07.876010','2026-03-27 16:20:07.876010','front-left',96,202,'https://d11c1pk5qwkk9f.cloudfront.net/crops/560242e8-aa61-43eb-81c0-3181e43b2e77.jpg',_binary '\0',_binary '\0','BEFORE','https://d11c1pk5qwkk9f.cloudfront.net/originals/48f3d20b-1d65-494b-b40f-9d518b6b0d82.jpg','QmXQQG88qNY3iuARTcf3jxrYUEup5ZJ6fqevYuhYTqZcZd','40fe616f-093e-4ad6-af90-b1730b3e60f6','5cec0826-7d20-4091-a7d1-531e99be46a3',NULL,NULL,NULL,NULL),('97d452ce-c597-46fc-933f-cf121013423c','2026-03-27 10:12:27.309486','2026-03-27 10:12:27.309486','front-right',21,300,'https://d11c1pk5qwkk9f.cloudfront.net/crops/1b8c8673-57b4-4d6e-8fd6-f8a4293bcc1f.jpg',_binary '\0',_binary '\0','BEFORE','https://d11c1pk5qwkk9f.cloudfront.net/originals/46e847b0-9f01-4aa3-b4a5-6736052527e4.jpg','QmdBAh25qmDAwJJgGFEfrgHUPyTmH5P6ybd7htB6BTjYLr','40fe616f-093e-4ad6-af90-b1730b3e60f6','36f102c0-65db-430e-a038-23f2ad5230f4',NULL,NULL,NULL,NULL),('9a74ecc7-f827-4eff-882f-f8bc6c35d132','2026-03-27 11:27:36.809900','2026-03-27 11:27:36.809900','rear-left',106,297,'https://d11c1pk5qwkk9f.cloudfront.net/crops/c20a4f57-c58e-46f0-93a5-f0069ea32374.jpg',_binary '\0',_binary '\0','BEFORE','https://d11c1pk5qwkk9f.cloudfront.net/originals/b3f0ed93-add9-44ec-b60b-5cff52c0faa1.jpg','QmXVAiJFpcn6GfaPPvDxiV79bLJiTNMZiNVFdewzHZSW7f','40fe616f-093e-4ad6-af90-b1730b3e60f6','ef2342aa-b2b7-426e-9f17-cd3d6b8a30e6',NULL,NULL,NULL,NULL),('9a7e0b47-f8b6-4258-ae1b-2916e86beb0d','2026-03-26 17:29:19.989886','2026-03-26 17:29:19.989886','rear',65,349,'https://d11c1pk5qwkk9f.cloudfront.net/crops/dce895c4-bff3-4e3a-9748-1d61351a6ce6.jpg',_binary '\0',_binary '\0','AFTER','https://d11c1pk5qwkk9f.cloudfront.net/originals/15e4c080-081a-40d7-a164-083c329d6c34.jpg','Qmb7dXGoA4GhGqB56v1ZC2QXDDh1mitCjNcA4DFfxKgn7Q','40fe616f-093e-4ad6-af90-b1730b3e60f6','c54ad18a-b875-4f87-9e80-fbb1d299a42a',NULL,NULL,NULL,NULL),('9d57b925-644c-49bd-979f-354d7d16155d','2026-03-27 10:15:25.149645','2026-03-27 10:15:25.149645','rear-right',314,197,'https://d11c1pk5qwkk9f.cloudfront.net/crops/a27e5f58-2481-4054-be71-cecc242cddf1.jpg',_binary '\0',_binary '\0','BEFORE','https://d11c1pk5qwkk9f.cloudfront.net/originals/e7874dfb-dd9a-48cb-a9c8-1583e4ea92eb.jpg','QmWuq9C7K6P6dYkm3GUo8n5wA7SzZebPdTu9Ach84CvyZS','40fe616f-093e-4ad6-af90-b1730b3e60f6','3692e9a4-2538-4fa4-9b28-c00746402ec3',NULL,NULL,NULL,NULL),('9e897028-20e6-4b72-b611-c5d01b535bb3','2026-03-27 13:41:26.865958','2026-03-27 13:41:26.865958','front',469,478,'https://d11c1pk5qwkk9f.cloudfront.net/crops/d2add842-f3a7-4c72-a4a3-ea2920113b91.jpg',_binary '\0',_binary '\0','BEFORE','https://d11c1pk5qwkk9f.cloudfront.net/originals/5d8cc81d-0f3c-4d07-8a07-ada2d5ebb379.jpg','QmeqS4ro6SdRmkB7yuppJGdwrTqb8jXEJi7Rm73fQVH4q5','1a2c7e8a-1a04-4962-8d11-dae6a541ff74','0032a55f-8df5-47d8-8f9c-8d6d9d8bb2a5',NULL,NULL,NULL,NULL),('9f774699-dc0f-4fec-a7c8-96246c99bb1d','2026-03-27 12:17:50.630286','2026-03-28 19:16:12.515173','front-left',338,379,'https://d11c1pk5qwkk9f.cloudfront.net/crops/11a6da5c-1cb8-436b-8627-c45bc031ba2e.jpg',_binary '\0',_binary '\0','AFTER','https://d11c1pk5qwkk9f.cloudfront.net/originals/8c506af9-36c8-4a8c-b94e-46be6080eaec.jpg','QmV6jbq99zudB46TTdr15fAyBew4PLYtevVp8Ch2DhZSVL','1a2c7e8a-1a04-4962-8d11-dae6a541ff74','deff5ec3-6cd4-41cb-9af3-ae8b5cae6303','dd975c54-0391-46b0-9831-984062729615',0.01,99,'https://d11c1pk5qwkk9f.cloudfront.net/crops/ab038af2-327a-48c1-8ea1-68fd9380972d.jpg'),('9f9e34db-78c1-4eba-8173-7aa2d0522bda','2026-03-27 17:38:34.702208','2026-03-27 17:38:34.702208','rear-right',296,286,'https://d11c1pk5qwkk9f.cloudfront.net/crops/90929ea5-d1ed-47f3-9eb0-c98452589cb6.jpg',_binary '\0',_binary '\0','BEFORE','https://d11c1pk5qwkk9f.cloudfront.net/originals/38c66b45-1a3b-4c6e-8753-58823d86e5b1.jpg','QmWoKuLuUKSVqzjwtyrbNCBGoC2vzsH9ReuSJrv6HQy9KB','40fe616f-093e-4ad6-af90-b1730b3e60f6','9244b5cc-6ea1-4d1f-bc75-d2be717e1277',NULL,NULL,NULL,NULL),('9fe60dca-cc37-44f3-b52c-bc31e23fab20','2026-03-27 13:41:09.033333','2026-03-27 13:41:09.033333','rear-right',36,450,'https://d11c1pk5qwkk9f.cloudfront.net/crops/e42e794f-bf56-4ff8-af5c-dc0e2a60186a.jpg',_binary '\0',_binary '\0','BEFORE','https://d11c1pk5qwkk9f.cloudfront.net/originals/fd2ad211-b49d-44bb-aba3-75859bd3afff.jpg','QmdDi3LPA3mtnkQ8Hjuq9GbpzTZqYPBRJrEt5ZSCSRLFeA','1a2c7e8a-1a04-4962-8d11-dae6a541ff74','0032a55f-8df5-47d8-8f9c-8d6d9d8bb2a5',NULL,NULL,NULL,NULL),('a13f1f27-f02f-4a39-9f81-311dba169378','2026-03-27 10:24:36.130884','2026-03-27 10:24:36.130884','front-left',412,355,'https://d11c1pk5qwkk9f.cloudfront.net/crops/c127c5d8-e3a2-4b8f-9c1f-5b91a5985f68.jpg',_binary '\0',_binary '\0','BEFORE','https://d11c1pk5qwkk9f.cloudfront.net/originals/8538e4db-82f3-44aa-9b39-2bdc3371b967.jpg','QmRfYCSabEpKEgs6mdRc1pSAxGyJ9PytfcPLqLBBrgjatG','40fe616f-093e-4ad6-af90-b1730b3e60f6','3692e9a4-2538-4fa4-9b28-c00746402ec3',NULL,NULL,NULL,NULL),('a1412d70-fd9f-49c5-ad22-df5f15ee6f8f','2026-03-27 12:34:53.129352','2026-03-27 12:34:53.129352','rear',157,332,'https://d11c1pk5qwkk9f.cloudfront.net/crops/2aab84c0-43a4-4d8c-b841-6e7e745c97aa.jpg',_binary '\0',_binary '\0','BEFORE','https://d11c1pk5qwkk9f.cloudfront.net/originals/7c4fa037-7e31-4554-86ba-eac9c91ed914.jpg','QmYJEgPqR8PwunUsCj2Zd6Ju2fHdSU35cFLkMpzWxVLgxo','40fe616f-093e-4ad6-af90-b1730b3e60f6','bca8096e-ea98-4f3e-86ca-a66f7ae5be95',NULL,NULL,NULL,NULL),('a7021974-7c23-430c-ba13-517e7fc26da6','2026-03-27 13:41:35.161095','2026-03-27 13:41:35.161095','front-left',27,348,'https://d11c1pk5qwkk9f.cloudfront.net/crops/915ee199-652e-4ee9-9f0e-3195647b2204.jpg',_binary '\0',_binary '\0','BEFORE','https://d11c1pk5qwkk9f.cloudfront.net/originals/d7b0d897-a787-4d57-bba1-841b058ed460.jpg','QmULNWn2zPTxZA2Pv31Vt5T3B6ZDeAYWtWYR6EnAnq2KsH','1a2c7e8a-1a04-4962-8d11-dae6a541ff74','0032a55f-8df5-47d8-8f9c-8d6d9d8bb2a5',NULL,NULL,NULL,NULL),('a75cafab-9d8c-425f-8422-87c101ffe449','2026-03-27 13:33:49.361041','2026-03-27 13:33:49.361041','front-left',153,362,'https://d11c1pk5qwkk9f.cloudfront.net/crops/4deea5a0-70e0-4f9d-ad59-dd1b8fb32da1.jpg',_binary '\0',_binary '\0','BEFORE','https://d11c1pk5qwkk9f.cloudfront.net/originals/13e83c6a-159f-437c-8972-24daafb2b037.jpg','QmNW8Us42NqDU5SwSPA4gqZmffUab283h7m3JZLCotVUYC','1a2c7e8a-1a04-4962-8d11-dae6a541ff74','0032a55f-8df5-47d8-8f9c-8d6d9d8bb2a5',NULL,NULL,NULL,NULL),('a778880d-629e-4782-b725-5d38ebb1a883','2026-03-27 13:35:12.753027','2026-03-27 13:35:12.753027','rear-right',220,449,'https://d11c1pk5qwkk9f.cloudfront.net/crops/17590516-efb5-4b4a-a51a-775646491eec.jpg',_binary '\0',_binary '\0','BEFORE','https://d11c1pk5qwkk9f.cloudfront.net/originals/ec51e118-a353-4c81-b5d9-a535186da5f1.jpg','QmQVEXuVbse3DACqjqPQ98dhYmbAdsepDPd2tavQM7HW3P','40fe616f-093e-4ad6-af90-b1730b3e60f6','d3ae206e-458f-4411-9860-6a4743d05c73',NULL,NULL,NULL,NULL),('a82a86b5-632c-4935-91d3-e2e0df97bccc','2026-03-27 15:08:57.153791','2026-03-27 15:08:57.153791','rear',126,330,'https://d11c1pk5qwkk9f.cloudfront.net/crops/e6dd0b12-74c4-46cc-bbce-3855dae40f30.jpg',_binary '\0',_binary '\0','BEFORE','https://d11c1pk5qwkk9f.cloudfront.net/originals/63f24b54-70ea-4185-8af0-d7b8f2808a76.jpg','QmS4oj6SsokfY1bC9u3nreeEgqhucibqy17a5hGDFh62vq','40fe616f-093e-4ad6-af90-b1730b3e60f6','bca8096e-ea98-4f3e-86ca-a66f7ae5be95',NULL,NULL,NULL,NULL),('aaa54e81-44fa-49d2-976d-8c42f9881729','2026-03-26 16:41:28.003919','2026-03-26 16:41:28.003919','front',72,265,'https://d11c1pk5qwkk9f.cloudfront.net/crops/1bc79c37-2d7b-4947-9301-0d5984357bd4.jpg',_binary '\0',_binary '\0','BEFORE','https://d11c1pk5qwkk9f.cloudfront.net/originals/f9899ec4-e836-4886-9f14-78d39a95eb96.jpg','Qmbf4Z6PP3k8vK2SYcjaaaGhodwJpsgVyeFja7NzhCUfF5','40fe616f-093e-4ad6-af90-b1730b3e60f6','c54ad18a-b875-4f87-9e80-fbb1d299a42a',NULL,NULL,NULL,NULL),('ad28556d-4823-4b5d-b911-bed7d3928727','2026-03-26 16:24:11.669148','2026-03-26 16:24:11.669148','front-left',151,189,'https://d11c1pk5qwkk9f.cloudfront.net/crops/22fa85e2-0d99-4fad-bb19-f823e7058ef0.jpg',_binary '\0',_binary '\0','BEFORE','https://d11c1pk5qwkk9f.cloudfront.net/originals/466dad52-f635-4cf5-9c8a-b56270e45352.jpg','QmQ2UtSjNKTj8LdzJuR8jU5QYHKgSo7Lov77XMS8fAxZ83','40fe616f-093e-4ad6-af90-b1730b3e60f6','c54ad18a-b875-4f87-9e80-fbb1d299a42a',NULL,NULL,NULL,NULL),('ada3b1d7-69f4-4bd0-8a32-b76c383f5a8e','2026-03-27 15:42:09.775702','2026-03-27 15:42:09.775702','rear',151,349,'https://d11c1pk5qwkk9f.cloudfront.net/crops/3ed8589f-b830-4a3b-861b-867bd9594fcf.jpg',_binary '\0',_binary '\0','BEFORE','https://d11c1pk5qwkk9f.cloudfront.net/originals/0f6d9801-ca14-4abc-83d9-195bd1c0a545.jpg','QmQEvBFKeGCXQfFSP8didAVMHUfvsg7udp6HLSLnNCtZeE','40fe616f-093e-4ad6-af90-b1730b3e60f6','71b4c4f4-6713-49c3-ad1c-9dce80724048',NULL,NULL,NULL,NULL),('adb697d0-1bc8-4c8f-87bf-1e9dcc301b5d','2026-03-27 12:16:31.705314','2026-03-28 19:16:12.515300','rear-right',267,291,'https://d11c1pk5qwkk9f.cloudfront.net/crops/13b52f17-fe6b-442a-a8af-8d5b4629b74c.jpg',_binary '\0',_binary '\0','AFTER','https://d11c1pk5qwkk9f.cloudfront.net/originals/96c8a4e0-730d-4c8f-8c34-fbeb80a99ea5.jpg','QmRRP6KXBqRhiHMB2DFgnoYZmEtsApdKs9ikjn1XjD953Q','1a2c7e8a-1a04-4962-8d11-dae6a541ff74','deff5ec3-6cd4-41cb-9af3-ae8b5cae6303','ec4901e3-feba-4385-b46f-bee96a5c260f',0,100,'https://d11c1pk5qwkk9f.cloudfront.net/crops/f62493e5-10fd-4807-acb0-5b1feb8a2550.jpg'),('b131d21a-06f6-4ba6-8719-95a361157629','2026-03-27 13:34:24.994731','2026-03-27 13:34:24.994731','rear',310,434,'https://d11c1pk5qwkk9f.cloudfront.net/crops/11a18e0f-31c6-4552-ada1-3d422ac3b947.jpg',_binary '\0',_binary '\0','BEFORE','https://d11c1pk5qwkk9f.cloudfront.net/originals/12239142-81a5-4a84-84be-af395b13fa23.jpg','QmbQkgapDDZzVgEuSFfuwQoRgQks8eutGTcnsZ6ZaMUMdw','1a2c7e8a-1a04-4962-8d11-dae6a541ff74','0032a55f-8df5-47d8-8f9c-8d6d9d8bb2a5',NULL,NULL,NULL,NULL),('b1fde03e-c627-4178-9d60-b4ebf1250dbe','2026-03-27 13:36:07.467041','2026-03-27 13:36:07.467041','front-right',158,413,'https://d11c1pk5qwkk9f.cloudfront.net/crops/2992070b-be50-47d1-aba1-ef5fb0aff690.jpg',_binary '\0',_binary '\0','BEFORE','https://d11c1pk5qwkk9f.cloudfront.net/originals/6e9498a5-fa06-4e60-b976-7a1c2c7c3afd.jpg','QmVJg9SnaWKCuB724P4Z7ns9W7sTqzjV3joFwdSGPNQ5iB','1a2c7e8a-1a04-4962-8d11-dae6a541ff74','0032a55f-8df5-47d8-8f9c-8d6d9d8bb2a5',NULL,NULL,NULL,NULL),('b5382f28-27e8-41a5-a0cb-5602eb5b51b9','2026-03-27 16:48:12.460837','2026-03-27 16:48:12.460837','rear',115,360,'https://d11c1pk5qwkk9f.cloudfront.net/crops/c6b8c09c-473c-486a-b1c4-ce00d52bf4fb.jpg',_binary '\0',_binary '\0','AFTER','https://d11c1pk5qwkk9f.cloudfront.net/originals/57d70491-4bad-4c92-b1e9-6ca53943795a.jpg','QmaYf3w7aq7NZ9GDDEqP1bZ7aSZeJcAw8mnEhNgXo2hThQ','1a2c7e8a-1a04-4962-8d11-dae6a541ff74','e2190d3f-167d-4198-b6c4-c8c238ac34fa',NULL,NULL,NULL,NULL),('b57b0094-73ef-4cec-8f38-8d5f3d047bca','2026-03-27 13:35:12.759742','2026-03-27 13:35:12.759742','rear-right',119,565,'https://d11c1pk5qwkk9f.cloudfront.net/crops/9b07e8a7-97cd-44ac-b189-1b53d1d4ecb3.jpg',_binary '\0',_binary '\0','BEFORE','https://d11c1pk5qwkk9f.cloudfront.net/originals/ec51e118-a353-4c81-b5d9-a535186da5f1.jpg','QmQ75nyD51G3pf4vfeZGVRRF3gtqFNkP2bwPEa3UAKJBh8','40fe616f-093e-4ad6-af90-b1730b3e60f6','d3ae206e-458f-4411-9860-6a4743d05c73',NULL,NULL,NULL,NULL),('b61d8406-c9bb-4996-804a-588fd8aa036e','2026-03-27 12:08:13.819160','2026-03-27 12:08:13.819160','rear-right',276,271,'https://d11c1pk5qwkk9f.cloudfront.net/crops/19f0372d-c483-469a-99f7-176512b2e900.jpg',_binary '\0',_binary '\0','BEFORE','https://d11c1pk5qwkk9f.cloudfront.net/originals/581de8fe-1768-44c3-a8a0-0de39990770a.jpg','QmRkEXSYNPHLqoA8Zi1gvixT287TtudnE4opUVYe97vzFd','1a2c7e8a-1a04-4962-8d11-dae6a541ff74','deff5ec3-6cd4-41cb-9af3-ae8b5cae6303',NULL,NULL,NULL,NULL),('b665e073-5cee-4d78-b6e6-050c73e75cb9','2026-03-27 11:07:43.730013','2026-03-27 11:07:43.730013','rear-right',260,299,'https://d11c1pk5qwkk9f.cloudfront.net/crops/378e5950-ccd4-41e2-9f0a-d1cf62ef25d7.jpg',_binary '\0',_binary '\0','BEFORE','https://d11c1pk5qwkk9f.cloudfront.net/originals/41b7b6f8-f17e-4a9d-8d04-275d3d414c0d.jpg','QmT5e6JiKcdMh4mwoekj16gmKT75i7kULNprzPsP5ato4f','1a2c7e8a-1a04-4962-8d11-dae6a541ff74','9e0f91b2-d8e0-4464-bf80-3f4e61303457',NULL,NULL,NULL,NULL),('b6fbe110-e87a-42a0-bf8e-211ead83bc04','2026-03-27 13:39:09.081584','2026-03-27 13:39:09.081584','front',87,391,'https://d11c1pk5qwkk9f.cloudfront.net/crops/e0b3b584-14b3-4590-b060-fb55a10139e1.jpg',_binary '\0',_binary '\0','BEFORE','https://d11c1pk5qwkk9f.cloudfront.net/originals/583eb872-f563-43df-b96d-6be7fb28fb32.jpg','QmNPcAAFGDPxNNAVHfLYGN8Vsova8n82qteoVWdCZ28sMy','1a2c7e8a-1a04-4962-8d11-dae6a541ff74','0032a55f-8df5-47d8-8f9c-8d6d9d8bb2a5',NULL,NULL,NULL,NULL),('b7b24ac9-058a-4f83-afff-55d0661dc680','2026-03-27 10:19:54.055949','2026-03-27 10:19:54.055949','front',325,284,'https://d11c1pk5qwkk9f.cloudfront.net/crops/5b4630fd-2700-4cf2-ad9e-8d29352c501e.jpg',_binary '\0',_binary '\0','BEFORE','https://d11c1pk5qwkk9f.cloudfront.net/originals/fe19c6c4-4a30-4678-b374-c3790f9fb0e3.jpg','Qmeihn6XJgdmxyUsCzjHfTmB8FPDiXcTGY9cqsaWBzBo83','40fe616f-093e-4ad6-af90-b1730b3e60f6','3692e9a4-2538-4fa4-9b28-c00746402ec3',NULL,NULL,NULL,NULL),('b7f2ffc3-ca8c-418d-83d2-18e2d3c2e1f5','2026-03-28 01:55:31.035621','2026-03-28 01:55:31.035621','rear-right',388,0,'https://d11c1pk5qwkk9f.cloudfront.net/crops/3a46188b-5fa5-42e6-a40b-199ea8d20327.jpg',_binary '\0',_binary '\0','BEFORE','https://d11c1pk5qwkk9f.cloudfront.net/originals/44d5d250-79ca-4819-ac38-6c69d9237b24.jpg','QmbaUDwAWKfgTtvgBbQGHPqhebhmzN7PcvJSpoxuRurhPq','40fe616f-093e-4ad6-af90-b1730b3e60f6','9244b5cc-6ea1-4d1f-bc75-d2be717e1277',NULL,NULL,NULL,NULL),('b8a8bffb-fef3-4c2d-a5a2-462998467e99','2026-03-28 17:34:52.174436','2026-03-28 17:40:09.807371','front',148,302,'https://d11c1pk5qwkk9f.cloudfront.net/crops/8a572a10-bba3-4271-b7bc-192939229a5a.jpg',_binary '\0',_binary '\0','AFTER','https://d11c1pk5qwkk9f.cloudfront.net/originals/15a64eca-0bb0-4ccb-bad7-1aedd052663f.jpg','QmWt9kHsQP6nv1U5XJ1ZK1QEs8EjYunqKZZLX3kfoKBhS2','40fe616f-093e-4ad6-af90-b1730b3e60f6','1b9a45e2-8c99-4b48-be59-4ecdadc5dac3',NULL,100,0,NULL),('b9b9e0ab-ffa7-41ea-903f-1e00f7aae582','2026-03-27 17:15:35.792780','2026-03-27 17:15:35.792780','front',194,126,'https://d11c1pk5qwkk9f.cloudfront.net/crops/92c1bc9c-dc8e-4e8f-89ff-a2cc96dad1c7.jpg',_binary '\0',_binary '\0','BEFORE','https://d11c1pk5qwkk9f.cloudfront.net/originals/67677708-d8fb-4113-813d-a447b37dc976.jpg','QmWDLnTJ1cTYuWGdXQrL1BK2fiuN8RdvtkJoqVQ9bTsNvT','1a2c7e8a-1a04-4962-8d11-dae6a541ff74','ddaac7cc-eeb2-4ffa-908a-9b058935c795',NULL,NULL,NULL,NULL),('bcb4c8d9-8f3b-431c-bb4e-1b6ccd339b9a','2026-03-27 15:59:35.271320','2026-03-28 19:20:56.253510','front-right',62,284,'https://d11c1pk5qwkk9f.cloudfront.net/crops/3c50d69a-9ff5-48b8-91a8-23542658d04f.jpg',_binary '\0',_binary '\0','AFTER','https://d11c1pk5qwkk9f.cloudfront.net/originals/904b51a8-07c0-4f76-8c6f-b5a0adcaa21e.jpg','QmY2JnJMWEo5W1MxPe4gh5yWtY5zGdZKv2YnptZfEbd7pw','40fe616f-093e-4ad6-af90-b1730b3e60f6','243a29f1-144e-46da-ba81-af9c7ced5788','063f32b3-ca36-4ddb-8e87-6df238ae6166',0,100,'https://d11c1pk5qwkk9f.cloudfront.net/crops/3a86a33d-376b-446f-a9f1-5d95cb353342.jpg'),('bd05eee2-030b-4274-b6e2-da3605436760','2026-03-27 17:17:00.562044','2026-03-27 17:17:00.562044','rear-left',16,476,'https://d11c1pk5qwkk9f.cloudfront.net/crops/242a7fc1-8f4a-4f41-8dcc-4fd98573d369.jpg',_binary '\0',_binary '\0','BEFORE','https://d11c1pk5qwkk9f.cloudfront.net/originals/26829cc5-2080-464f-90ff-7f2efc706318.jpg','QmQrrgmuD5dNKQUbxyWfrRaTk4he6DJkimxypqgVcWKQLK','1a2c7e8a-1a04-4962-8d11-dae6a541ff74','ddaac7cc-eeb2-4ffa-908a-9b058935c795',NULL,NULL,NULL,NULL),('be2cfa93-0ad3-47c7-b8e1-24bf7353c769','2026-03-27 13:33:49.355629','2026-03-27 13:33:49.355629','front-left',79,529,'https://d11c1pk5qwkk9f.cloudfront.net/crops/fbc8e36f-e3be-4f5d-becd-d0d7866d89a6.jpg',_binary '\0',_binary '\0','BEFORE','https://d11c1pk5qwkk9f.cloudfront.net/originals/13e83c6a-159f-437c-8972-24daafb2b037.jpg','Qmdhana2xiQrL8VZKfVNDT3w9FemwVPHos5fZ9dRQxUSxW','1a2c7e8a-1a04-4962-8d11-dae6a541ff74','0032a55f-8df5-47d8-8f9c-8d6d9d8bb2a5',NULL,NULL,NULL,NULL),('bf1cdc91-29cc-47bf-9a9f-bd5249d794d2','2026-03-27 15:08:42.673114','2026-03-27 15:08:42.673114','rear-left',196,258,'https://d11c1pk5qwkk9f.cloudfront.net/crops/cf9989b2-74ec-4d82-a1f5-6d8a9e7cc908.jpg',_binary '\0',_binary '\0','BEFORE','https://d11c1pk5qwkk9f.cloudfront.net/originals/7fc396d8-4007-4fed-8885-01026c23831e.jpg','QmYMmcnUb6U7gcsvrJTWNwiXtgdJgGs3Pry3uwn7gsvMW3','40fe616f-093e-4ad6-af90-b1730b3e60f6','bca8096e-ea98-4f3e-86ca-a66f7ae5be95',NULL,NULL,NULL,NULL),('c0ac8a23-f2b1-41f8-aaf5-fb847fc2dab1','2026-03-26 17:24:20.307755','2026-03-26 17:24:20.307755','rear-left',36,301,'https://d11c1pk5qwkk9f.cloudfront.net/crops/06bba247-cf91-49d7-9fc3-e97db2edf112.jpg',_binary '\0',_binary '\0','BEFORE','https://d11c1pk5qwkk9f.cloudfront.net/originals/151ba37c-b38a-41fc-bed8-fefff6fdc7f2.jpg','QmXMWwf1ZtktWumWtfyjUyadDrbg8KmGmeuLp2s3nAWXxe','40fe616f-093e-4ad6-af90-b1730b3e60f6','c54ad18a-b875-4f87-9e80-fbb1d299a42a',NULL,NULL,NULL,NULL),('c0c20eb1-a875-43af-958b-5ed2f401a10d','2026-03-28 07:09:57.739832','2026-03-28 07:09:57.739832','rear-right',74,372,'https://d11c1pk5qwkk9f.cloudfront.net/crops/32f28481-1f2c-4c2e-8e6c-1dd478deb074.jpg',_binary '\0',_binary '\0','BEFORE','https://d11c1pk5qwkk9f.cloudfront.net/originals/70d8442d-8402-41bd-b642-87e279074bd7.jpg','QmUaVT8Ez6sFSs76qAJRpDKTmxvevNKJtnURfje2qPvKUK','1a2c7e8a-1a04-4962-8d11-dae6a541ff74','d15e4bba-6841-4cc7-a46b-dea924268a77',NULL,NULL,NULL,NULL),('c116a24f-eefd-4c6d-9405-60376517e3bd','2026-03-27 10:21:15.464118','2026-03-27 10:21:15.464118','front',317,266,'https://d11c1pk5qwkk9f.cloudfront.net/crops/1b714f73-a463-4f92-851f-9893d56c5890.jpg',_binary '\0',_binary '\0','BEFORE','https://d11c1pk5qwkk9f.cloudfront.net/originals/42b98c5c-1108-43db-91c5-3ee79b646601.jpg','QmZk8SmzcvcggcXiP6zUvYaihHZ424FE2c26sLgKoVeeLo','40fe616f-093e-4ad6-af90-b1730b3e60f6','3692e9a4-2538-4fa4-9b28-c00746402ec3',NULL,NULL,NULL,NULL),('c1f92586-33f0-4e99-9fd3-46aff77be30d','2026-03-27 11:12:26.972983','2026-03-27 11:12:26.972983','rear-left',93,323,'https://d11c1pk5qwkk9f.cloudfront.net/crops/2a247d2a-9804-47e9-8877-fbc6fb72fded.jpg',_binary '\0',_binary '\0','AFTER','https://d11c1pk5qwkk9f.cloudfront.net/originals/c660e73b-6033-4a31-87aa-88c25f203243.jpg','QmRERBy4f4Ada3HhzN72oriTU3vMFr6MnFaJjs6HoJFejx','1a2c7e8a-1a04-4962-8d11-dae6a541ff74','9e0f91b2-d8e0-4464-bf80-3f4e61303457',NULL,NULL,NULL,NULL),('c2a5fa81-593b-45fc-bcb2-59c8bc6c6448','2026-03-26 16:39:21.976152','2026-03-26 16:39:21.976152','front-left',399,353,'https://d11c1pk5qwkk9f.cloudfront.net/crops/a47aa43e-d55f-4815-97a0-771ad1ac84b6.jpg',_binary '\0',_binary '\0','BEFORE','https://d11c1pk5qwkk9f.cloudfront.net/originals/13b75792-6d39-40dd-8088-95bd81cc32cc.jpg','QmaWmWMHreeqajaHha6c7qpTN2e7HwL7teBF47ipHNjD57','40fe616f-093e-4ad6-af90-b1730b3e60f6','c54ad18a-b875-4f87-9e80-fbb1d299a42a',NULL,NULL,NULL,NULL),('c3111ef3-5a50-42b3-9fba-752ad7fdb2d3','2026-03-27 16:43:45.012581','2026-03-28 18:55:51.061591','rear',89,366,'https://d11c1pk5qwkk9f.cloudfront.net/crops/9163f891-0d4e-49d9-aca2-8aea3f7c02f6.jpg',_binary '\0',_binary '\0','AFTER','https://d11c1pk5qwkk9f.cloudfront.net/originals/6c079370-4e81-48ba-89e3-62b222f159a2.jpg','QmTCvMHXDRsibGPx4ieerLkEdG98yDUr3KeenufDh4hAzf','1a2c7e8a-1a04-4962-8d11-dae6a541ff74','0032a55f-8df5-47d8-8f9c-8d6d9d8bb2a5','eba6934d-8b75-4545-8760-4766d4bce6f1',0.95,5,'https://d11c1pk5qwkk9f.cloudfront.net/crops/f25a450c-4c92-4172-b2be-59765df0b28b.jpg'),('c325fa48-1805-4980-9316-65e851120f81','2026-03-26 16:23:54.262195','2026-03-26 16:23:54.262195','front-right',299,274,'https://d11c1pk5qwkk9f.cloudfront.net/crops/75ea41b9-7b28-4834-9469-563a55bcbade.jpg',_binary '\0',_binary '\0','BEFORE','https://d11c1pk5qwkk9f.cloudfront.net/originals/b707888b-b76b-4161-9abc-94244c1f6e9d.jpg','QmQrwSx9evopzDhxFNrYpWH9tsHebwAzmURwPLJuub6wXL','40fe616f-093e-4ad6-af90-b1730b3e60f6','c54ad18a-b875-4f87-9e80-fbb1d299a42a',NULL,NULL,NULL,NULL),('c5fec5ca-650c-4aee-b764-85eca58123b0','2026-03-27 16:12:15.194302','2026-03-27 16:12:15.194302','front-right',86,296,'https://d11c1pk5qwkk9f.cloudfront.net/crops/025c1aea-c998-4102-b8de-81edfaf5bb3d.jpg',_binary '\0',_binary '\0','AFTER','https://d11c1pk5qwkk9f.cloudfront.net/originals/5dcb9907-0a01-479e-862e-2fdd8ff71bc8.jpg','QmcSmKnb3nRoe9tCTDvRu1Dc7GZJorQwhN9183DJsnCxPu','40fe616f-093e-4ad6-af90-b1730b3e60f6','d3ae206e-458f-4411-9860-6a4743d05c73',NULL,NULL,NULL,NULL),('c90e47d0-78e9-4c1a-8e26-88cbb886aee3','2026-03-27 15:19:35.297884','2026-03-27 15:19:35.297884','rear-right',275,311,'https://d11c1pk5qwkk9f.cloudfront.net/crops/f98835a0-0c17-4bd0-b15c-264b8b806695.jpg',_binary '\0',_binary '\0','AFTER','https://d11c1pk5qwkk9f.cloudfront.net/originals/02cfce02-76c5-45f4-b968-934137260498.jpg','QmPAYSrgRY66rUHQtj7SR6kaoSmRmrYWgxui1QfRkE5Kup','40fe616f-093e-4ad6-af90-b1730b3e60f6','bca8096e-ea98-4f3e-86ca-a66f7ae5be95',NULL,NULL,NULL,NULL),('c91ac84e-271e-4b26-9715-e76216408dfc','2026-03-26 17:23:09.468145','2026-03-26 17:23:09.468145','front-right',0,238,'https://d11c1pk5qwkk9f.cloudfront.net/crops/ac0d515e-8476-41ba-a7fd-88b164a1cbc2.jpg',_binary '\0',_binary '\0','BEFORE','https://d11c1pk5qwkk9f.cloudfront.net/originals/8e679d6b-a0b0-439e-8a6e-eeeec7689e66.jpg','QmWtQfaBsEoCXWcterE9Mc5xZ93heQrCcNfTA53p6zEuuh','40fe616f-093e-4ad6-af90-b1730b3e60f6','c54ad18a-b875-4f87-9e80-fbb1d299a42a',NULL,NULL,NULL,NULL),('c945a7e7-a100-442c-84f9-c3bbfc3d77e0','2026-03-27 16:20:00.501970','2026-03-27 16:20:00.501970','front-right',86,213,'https://d11c1pk5qwkk9f.cloudfront.net/crops/1b922887-b0b1-4ff1-b108-e1bf6a0d5900.jpg',_binary '\0',_binary '\0','BEFORE','https://d11c1pk5qwkk9f.cloudfront.net/originals/c2567ef6-4db4-4dcd-8111-d8f90557ee1d.jpg','QmSsrMdRktxDLb53miHTpMTWpF5pa4tQzSmmbb1wXVg53f','40fe616f-093e-4ad6-af90-b1730b3e60f6','5cec0826-7d20-4091-a7d1-531e99be46a3',NULL,NULL,NULL,NULL),('c95735d0-a803-41e2-baba-7c21b0b499a8','2026-03-28 21:41:34.836257','2026-03-28 21:41:34.836257','front-right',0,215,'https://d11c1pk5qwkk9f.cloudfront.net/crops/c40eddab-9719-4e1c-837b-16c7d5c0bda9.jpg',_binary '\0',_binary '\0','BEFORE','https://d11c1pk5qwkk9f.cloudfront.net/originals/146014ee-29a0-4005-ab71-44a1c18631d4.jpg','QmdxCyzq81dsQj7272Wju9bKj5L4kpGwKSariqXyTpoSFr','8df575e2-146f-41fe-958f-1088b27ccd38','27ba3a5c-2235-44b0-a499-5e70f21ac82e',NULL,NULL,NULL,NULL),('cac97aa5-a7e3-450c-afa5-aabf9d8eeb07','2026-03-27 13:35:46.171004','2026-03-27 13:35:46.171004','front',222,402,'https://d11c1pk5qwkk9f.cloudfront.net/crops/d7d2adf7-6844-4ac0-b45b-00414bda1763.jpg',_binary '\0',_binary '\0','BEFORE','https://d11c1pk5qwkk9f.cloudfront.net/originals/06362c3b-d3c4-446e-9047-eb8f0cb214c9.jpg','QmdoeyQdSrTLLdXzNo4CbMGBopruprsiwhf9hKuzhJ69M7','40fe616f-093e-4ad6-af90-b1730b3e60f6','d3ae206e-458f-4411-9860-6a4743d05c73',NULL,NULL,NULL,NULL),('cbb65c6a-846a-4d73-af15-fdfae8f0c883','2026-03-26 16:39:34.524830','2026-03-26 16:39:34.524830','rear-left',102,335,'https://d11c1pk5qwkk9f.cloudfront.net/crops/eb40569a-96f4-43d2-b435-bba91485eb3d.jpg',_binary '\0',_binary '\0','BEFORE','https://d11c1pk5qwkk9f.cloudfront.net/originals/3dbca721-abe1-4de5-9eac-d50fc64e4e09.jpg','QmaHCmSD4oT7kbYRs7syxQVro4HnkNpW7rzbuPNmZJSJwY','40fe616f-093e-4ad6-af90-b1730b3e60f6','c54ad18a-b875-4f87-9e80-fbb1d299a42a',NULL,NULL,NULL,NULL),('cbe12470-9401-4454-8037-af54130ba147','2026-03-28 07:11:39.702618','2026-03-28 07:12:05.082506','rear-left',115,302,'https://d11c1pk5qwkk9f.cloudfront.net/crops/26ef79f1-2649-4204-8c0a-29fbf216e2fb.jpg',_binary '\0',_binary '\0','AFTER','https://d11c1pk5qwkk9f.cloudfront.net/originals/dde21e9b-a239-49a1-8e26-312aa8281d8a.jpg','QmTEKKfkQFnmAFBE93ZLabERPdriqpZMZg9Ju8YiQ1DDjs','40fe616f-093e-4ad6-af90-b1730b3e60f6','be5489cd-cb62-4102-875e-996d2a6b1400',NULL,100,0,NULL),('cfd8a06a-6172-45bb-a56d-9cd3bc453025','2026-03-27 13:35:46.174042','2026-03-27 13:35:46.174042','front',0,0,'https://d11c1pk5qwkk9f.cloudfront.net/crops/03610aa2-cdd7-4c3c-b9df-7839d4e48a54.jpg',_binary '\0',_binary '\0','BEFORE','https://d11c1pk5qwkk9f.cloudfront.net/originals/06362c3b-d3c4-446e-9047-eb8f0cb214c9.jpg','Qmf92JbkpVJmxDLNXwdsfryvGjYKkd93ydeCF3nCPLmbxM','40fe616f-093e-4ad6-af90-b1730b3e60f6','d3ae206e-458f-4411-9860-6a4743d05c73',NULL,NULL,NULL,NULL),('d092e5ca-8237-40ae-aebf-ccd75db674f5','2026-03-26 16:52:53.104227','2026-03-26 16:52:53.104227','rear-right',279,210,'https://d11c1pk5qwkk9f.cloudfront.net/crops/d736131c-ea72-4dfd-8c4f-80483da60d28.jpg',_binary '\0',_binary '\0','BEFORE','https://d11c1pk5qwkk9f.cloudfront.net/originals/0f9e65f4-18f7-4712-b1bd-b7bfd44b6930.jpg','QmbZND2HppgZ6YeioUPiMDjYywHsK5JXZdUzTaKGeE49gs','40fe616f-093e-4ad6-af90-b1730b3e60f6','c54ad18a-b875-4f87-9e80-fbb1d299a42a',NULL,NULL,NULL,NULL),('d28ff13f-20d1-4c7c-81b6-dcd9417be9e8','2026-03-27 16:41:11.337710','2026-03-27 16:41:11.337710','rear',191,390,'https://d11c1pk5qwkk9f.cloudfront.net/crops/80da6950-8512-4f51-90e2-453f61c3ca96.jpg',_binary '\0',_binary '\0','BEFORE','https://d11c1pk5qwkk9f.cloudfront.net/originals/b182c0b1-36ec-47d0-9655-ee53cd97a39a.jpg','QmWzFuJe6RxbZAeu7Ny4zZz1WPTG9vgm65KH3YRDedd97R','40fe616f-093e-4ad6-af90-b1730b3e60f6','31f86bcb-471d-42fc-9184-51205da83064',NULL,NULL,NULL,NULL),('d32a1de1-6f8b-41da-a805-4a97ce474ca9','2026-03-28 07:11:18.750885','2026-03-28 07:12:05.082685','front-left',50,250,'https://d11c1pk5qwkk9f.cloudfront.net/crops/a08ede4c-2eaa-4640-9c80-ba34daae639c.jpg',_binary '\0',_binary '\0','AFTER','https://d11c1pk5qwkk9f.cloudfront.net/originals/b7576b37-d58b-4018-b9d8-80fd206646df.jpg','QmXoo7ZsjNaxSjzE9oQv6KgxNjCjAuM9zhNfNoPvXRU7Yt','40fe616f-093e-4ad6-af90-b1730b3e60f6','be5489cd-cb62-4102-875e-996d2a6b1400',NULL,100,0,NULL),('d5060157-819a-4752-b47b-db85a64cae53','2026-03-27 10:19:54.054287','2026-03-27 10:19:54.054287','front',111,287,'https://d11c1pk5qwkk9f.cloudfront.net/crops/9fd63a89-89ef-4903-9762-ea8b6b0738a3.jpg',_binary '\0',_binary '\0','BEFORE','https://d11c1pk5qwkk9f.cloudfront.net/originals/fe19c6c4-4a30-4678-b374-c3790f9fb0e3.jpg','QmUrQXwqUvnwSSVsKJRmu4RhLBMsWWh6DQqeP9CUWSwET7','40fe616f-093e-4ad6-af90-b1730b3e60f6','3692e9a4-2538-4fa4-9b28-c00746402ec3',NULL,NULL,NULL,NULL),('d5aa00e2-ebf6-4fb3-9448-ceafb20baf28','2026-03-27 11:08:31.327528','2026-03-27 11:08:31.327528','rear-left',80,318,'https://d11c1pk5qwkk9f.cloudfront.net/crops/3bb12424-888d-45fa-8128-bfd86d0279ad.jpg',_binary '\0',_binary '\0','BEFORE','https://d11c1pk5qwkk9f.cloudfront.net/originals/a52dc4c6-25a9-47dd-9167-bf4f9389be7b.jpg','QmUaDkeFYbrna7CV5BQEttdMUmxXKCNfuqiFoN4CSFfgEM','1a2c7e8a-1a04-4962-8d11-dae6a541ff74','9e0f91b2-d8e0-4464-bf80-3f4e61303457',NULL,NULL,NULL,NULL),('d5d1fac4-95d4-4706-bf5e-342205149c63','2026-03-27 16:43:11.661543','2026-03-28 18:55:51.061744','front',105,286,'https://d11c1pk5qwkk9f.cloudfront.net/crops/1dfcc16f-018d-41fb-a669-df9c9af8ede0.jpg',_binary '\0',_binary '\0','AFTER','https://d11c1pk5qwkk9f.cloudfront.net/originals/81044b46-7ad1-4341-8e7a-1b09c5d7ec5e.jpg','Qmere5Qrd196cVoR8XndJmqwVprGCxax6rAhrUJYFaYixt','1a2c7e8a-1a04-4962-8d11-dae6a541ff74','0032a55f-8df5-47d8-8f9c-8d6d9d8bb2a5','9e897028-20e6-4b72-b611-c5d01b535bb3',0.95,5,'https://d11c1pk5qwkk9f.cloudfront.net/crops/d2add842-f3a7-4c72-a4a3-ea2920113b91.jpg'),('d650e700-79b3-4239-ab52-6f0f5d8121e2','2026-03-27 15:08:08.382132','2026-03-27 15:08:08.382132','rear-right',85,390,'https://d11c1pk5qwkk9f.cloudfront.net/crops/e3e818f2-3ac4-470a-b55a-9bae61eaeaa0.jpg',_binary '\0',_binary '\0','BEFORE','https://d11c1pk5qwkk9f.cloudfront.net/originals/b1c61022-cb8d-460d-a443-21b8da75f2eb.jpg','QmWVyNzWkg2PutkW4VSA45uRW9ig5SCjma7QTWsfL4tRD1','40fe616f-093e-4ad6-af90-b1730b3e60f6','bca8096e-ea98-4f3e-86ca-a66f7ae5be95',NULL,NULL,NULL,NULL),('d6914a19-1910-4d1e-9456-2d80337834c6','2026-03-27 13:41:43.841653','2026-03-27 13:41:43.841653','rear-left',71,428,'https://d11c1pk5qwkk9f.cloudfront.net/crops/d96a723a-ddcf-4789-bc96-24201440292b.jpg',_binary '\0',_binary '\0','BEFORE','https://d11c1pk5qwkk9f.cloudfront.net/originals/08e6dbeb-4bf2-48cb-a4ab-735a195d9134.jpg','QmXVMU94KoDppNx2u2A14pWue66UXkxrh5Xoubt4CB9drV','1a2c7e8a-1a04-4962-8d11-dae6a541ff74','0032a55f-8df5-47d8-8f9c-8d6d9d8bb2a5',NULL,NULL,NULL,NULL),('d9c46d37-c178-4711-90e9-daf92c7e808f','2026-03-26 17:27:23.633843','2026-03-26 17:27:23.633843','rear-right',285,292,'https://d11c1pk5qwkk9f.cloudfront.net/crops/63e1f452-86cd-40e9-9f6b-53c49f60c57d.jpg',_binary '\0',_binary '\0','AFTER','https://d11c1pk5qwkk9f.cloudfront.net/originals/f651214e-9312-427b-b8b3-b6bc09e7a2e8.jpg','QmSupxQkQJNXig9pTprAqoBi1z2KKsRauyo9wGvfvForkv','40fe616f-093e-4ad6-af90-b1730b3e60f6','c54ad18a-b875-4f87-9e80-fbb1d299a42a',NULL,NULL,NULL,NULL),('db7067b5-7b06-4d3a-b68f-9817ef8497d5','2026-03-26 17:28:52.324824','2026-03-26 17:44:19.464028','front-left',396,330,'https://d11c1pk5qwkk9f.cloudfront.net/crops/98a8b2b8-ea7f-4f92-8732-c1f6c4383ea7.jpg',_binary '',_binary '\0','AFTER','https://d11c1pk5qwkk9f.cloudfront.net/originals/9ab1d593-ed7e-44de-ba3a-998236363a8b.jpg','Qmay3KFsZmxLUPRsWhHvpV41o6DxpE5o4icwPbefqYZdxV','40fe616f-093e-4ad6-af90-b1730b3e60f6','c54ad18a-b875-4f87-9e80-fbb1d299a42a',NULL,NULL,NULL,NULL),('db79eeed-72a3-46d8-9381-d1b998abea15','2026-03-26 17:23:17.603850','2026-03-26 17:23:17.603850','front',88,255,'https://d11c1pk5qwkk9f.cloudfront.net/crops/eee25ba2-ea9e-4c0b-800e-5915a3749562.jpg',_binary '\0',_binary '\0','BEFORE','https://d11c1pk5qwkk9f.cloudfront.net/originals/e73a8a91-21d3-4440-921e-f7987c4a3733.jpg','Qma69nsG4nMGhRCuEBjTVQxo3FhkqtLWx17rkpWKuhyKqU','40fe616f-093e-4ad6-af90-b1730b3e60f6','c54ad18a-b875-4f87-9e80-fbb1d299a42a',NULL,NULL,NULL,NULL),('dc31a687-2bc7-4ba2-8e8c-8d9bf20ba794','2026-03-27 13:35:28.854484','2026-03-27 13:35:28.854484','front-right',229,437,'https://d11c1pk5qwkk9f.cloudfront.net/crops/a9023509-3b1b-48bc-a0ce-b6b37a209651.jpg',_binary '\0',_binary '\0','BEFORE','https://d11c1pk5qwkk9f.cloudfront.net/originals/df38cbe6-f7ed-4a1f-a156-d691336b32c8.jpg','QmQRexZatzbS9BMyuQZnaPmXDXJgLXKfsRMYX6gfi6Ycrr','40fe616f-093e-4ad6-af90-b1730b3e60f6','d3ae206e-458f-4411-9860-6a4743d05c73',NULL,NULL,NULL,NULL),('dc4141cd-634e-4595-a16a-dec5c3e1c22a','2026-03-27 10:15:43.566710','2026-03-27 10:15:43.566710','front',88,257,'https://d11c1pk5qwkk9f.cloudfront.net/crops/47906936-fd6f-44cc-9ce1-2af176ed63bc.jpg',_binary '\0',_binary '\0','BEFORE','https://d11c1pk5qwkk9f.cloudfront.net/originals/ddb44c30-d82c-43ac-abce-aed7d47b701b.jpg','QmcSxL3QWzWLbr7bno7JyN1Mn53LbxoJ6WvrAnRkZegGBD','40fe616f-093e-4ad6-af90-b1730b3e60f6','3692e9a4-2538-4fa4-9b28-c00746402ec3',NULL,NULL,NULL,NULL),('dd15926a-3b10-4e83-a01a-14b9376413b6','2026-03-26 16:37:24.002762','2026-03-26 16:37:24.002762','rear-right',302,261,'https://d11c1pk5qwkk9f.cloudfront.net/crops/296040e1-e85b-4c7d-a2ed-656807d751d9.jpg',_binary '\0',_binary '\0','BEFORE','https://d11c1pk5qwkk9f.cloudfront.net/originals/85e9b1fb-7e33-4f6a-ad4a-1cda1a2d7e38.jpg','QmWUm3aC6j6dxzv9TuVapD5DkVw5Wz8LfrnVrR2gcbqRAj','40fe616f-093e-4ad6-af90-b1730b3e60f6','c54ad18a-b875-4f87-9e80-fbb1d299a42a',NULL,NULL,NULL,NULL),('dd4fd473-40c3-408d-89c0-3217a4d7900d','2026-03-27 13:35:12.758081','2026-03-27 13:35:12.758081','rear-right',0,276,'https://d11c1pk5qwkk9f.cloudfront.net/crops/84b6ce01-d822-49ae-b71d-415ae513abd6.jpg',_binary '\0',_binary '\0','BEFORE','https://d11c1pk5qwkk9f.cloudfront.net/originals/ec51e118-a353-4c81-b5d9-a535186da5f1.jpg','QmZ4vv426fFDqioPsmeQy1EsaQPcmWYZGMs9nCruWJAfR7','40fe616f-093e-4ad6-af90-b1730b3e60f6','d3ae206e-458f-4411-9860-6a4743d05c73',NULL,NULL,NULL,NULL),('dd975c54-0391-46b0-9831-984062729615','2026-03-27 12:09:15.172744','2026-03-27 12:09:15.172744','front-left',325,382,'https://d11c1pk5qwkk9f.cloudfront.net/crops/ab038af2-327a-48c1-8ea1-68fd9380972d.jpg',_binary '\0',_binary '\0','BEFORE','https://d11c1pk5qwkk9f.cloudfront.net/originals/e955b7c7-dceb-44fd-918b-0ceeedd4d374.jpg','QmRxoPJifK7RK462txjzCAzFsHRTJMY5SReZ3E5tfoupoY','1a2c7e8a-1a04-4962-8d11-dae6a541ff74','deff5ec3-6cd4-41cb-9af3-ae8b5cae6303',NULL,NULL,NULL,NULL),('dde5ca41-4add-49c4-ae63-e98561331ae0','2026-03-26 17:34:25.049066','2026-03-26 17:34:25.049066','rear-right',302,316,'https://d11c1pk5qwkk9f.cloudfront.net/crops/5fdd06bd-6ae1-4c82-8ed2-b4d331174bed.jpg',_binary '\0',_binary '\0','BEFORE','https://d11c1pk5qwkk9f.cloudfront.net/originals/f1655b6b-742d-4bd4-abec-076a299a4416.jpg','QmQaqKD665ouGUgubhe1Tmd4cFXNVrjFbeCwwbi5zbFETe','40fe616f-093e-4ad6-af90-b1730b3e60f6','36f102c0-65db-430e-a038-23f2ad5230f4',NULL,NULL,NULL,NULL),('e23f555e-e786-49fa-a130-caeab9b9a473','2026-03-27 13:35:46.169261','2026-03-27 13:35:46.169261','front',206,445,'https://d11c1pk5qwkk9f.cloudfront.net/crops/02187ef4-e27d-49b0-ae3a-ff83cd37defa.jpg',_binary '\0',_binary '\0','BEFORE','https://d11c1pk5qwkk9f.cloudfront.net/originals/06362c3b-d3c4-446e-9047-eb8f0cb214c9.jpg','QmNncFS4fZsqHMN4zUN75VWwvQ5PPM3mPLEqAPCuGzWzXu','40fe616f-093e-4ad6-af90-b1730b3e60f6','d3ae206e-458f-4411-9860-6a4743d05c73',NULL,NULL,NULL,NULL),('e2bd0bc8-ba8b-40de-8726-f518a63b2111','2026-03-27 13:41:09.036024','2026-03-27 13:41:09.036024','rear-right',13,454,'https://d11c1pk5qwkk9f.cloudfront.net/crops/8e2b0e06-c04a-46dd-ba7a-6d6cd30c6a9b.jpg',_binary '\0',_binary '\0','BEFORE','https://d11c1pk5qwkk9f.cloudfront.net/originals/fd2ad211-b49d-44bb-aba3-75859bd3afff.jpg','QmPG9F7Pn5F9XsZZdwTpoHKVrTEUPwpKWfxEFtjCz3TuME','1a2c7e8a-1a04-4962-8d11-dae6a541ff74','0032a55f-8df5-47d8-8f9c-8d6d9d8bb2a5',NULL,NULL,NULL,NULL),('e38a810a-89d8-49cc-8131-5fbd06e8570e','2026-03-27 12:17:57.211836','2026-03-28 19:16:12.515483','rear-left',83,321,'https://d11c1pk5qwkk9f.cloudfront.net/crops/264b9562-efce-4706-a6e0-ca25460a3b89.jpg',_binary '\0',_binary '\0','AFTER','https://d11c1pk5qwkk9f.cloudfront.net/originals/4b57ca8a-ee5b-43cc-9e58-ac85ba7f672c.jpg','QmbvdwBoUnijBnE5qx59qbJoz3AuN9VFyoCayia5ubm8PV','1a2c7e8a-1a04-4962-8d11-dae6a541ff74','deff5ec3-6cd4-41cb-9af3-ae8b5cae6303','76e9a3c5-9339-4723-bc5d-75291f589f06',0,100,'https://d11c1pk5qwkk9f.cloudfront.net/crops/8cf00c82-4b8c-45e3-8322-9fff9f54cb9b.jpg'),('e477d720-7e71-495e-a3cb-6645cffd5bff','2026-03-27 16:20:15.342596','2026-03-27 16:20:15.342596','rear',98,216,'https://d11c1pk5qwkk9f.cloudfront.net/crops/47a0009a-6739-48cb-a943-78bf7102d2fc.jpg',_binary '\0',_binary '\0','BEFORE','https://d11c1pk5qwkk9f.cloudfront.net/originals/2c3c13f8-53a2-44ad-9a38-f2a5310fcb29.jpg','QmSVR5sMUFnyxnMC64W3pAWFmgd8ednVaGbsz8eJ8Nmqg9','40fe616f-093e-4ad6-af90-b1730b3e60f6','5cec0826-7d20-4091-a7d1-531e99be46a3',NULL,NULL,NULL,NULL),('e64eb9c4-f4f7-4adf-9c35-2657bf7e4579','2026-03-27 16:12:35.668086','2026-03-27 16:12:35.668086','rear',134,324,'https://d11c1pk5qwkk9f.cloudfront.net/crops/c9b1bfb4-2100-4644-b392-51d4e3330857.jpg',_binary '\0',_binary '\0','AFTER','https://d11c1pk5qwkk9f.cloudfront.net/originals/a98c4887-00e0-43f0-b8ac-f01b5ed9876c.jpg','QmanCEZ7cuimMywdYDmJoJAAWvGcjzhu1Kqy47sJuJGCRa','40fe616f-093e-4ad6-af90-b1730b3e60f6','d3ae206e-458f-4411-9860-6a4743d05c73',NULL,NULL,NULL,NULL),('e8cbc6e1-d5c0-494a-a2d6-4cf6c0fb5a10','2026-03-28 06:34:03.274556','2026-03-28 06:34:03.274556','front-right',98,195,'https://d11c1pk5qwkk9f.cloudfront.net/crops/5a3e7fa4-701d-472d-b85f-780a0233dd5f.jpg',_binary '\0',_binary '\0','BEFORE','https://d11c1pk5qwkk9f.cloudfront.net/originals/34d49caa-ed54-4a2b-a3d1-7bac42349381.jpg','QmS3w5W1k1tsFCQ1gqcRU6HjfJ3d33TVenQXxpAYWPELAD','40fe616f-093e-4ad6-af90-b1730b3e60f6','c91d1602-8824-4fe5-81c9-25ff73bbe7da',NULL,NULL,NULL,NULL),('ea6f2430-d21a-4c57-8ddc-ac995f0920c2','2026-03-28 17:32:08.367126','2026-03-28 17:32:08.367126','front-left',105,321,'https://d11c1pk5qwkk9f.cloudfront.net/crops/8aa5f92f-9eb1-4758-b3ce-179bb2518e1f.jpg',_binary '\0',_binary '\0','BEFORE','https://d11c1pk5qwkk9f.cloudfront.net/originals/e9260e0e-d005-495d-a114-852941beb5a8.jpg','QmbP2CTn3fojWuFbt9cEqSrRLTK1MAPRFykS8uVNAzST4G','40fe616f-093e-4ad6-af90-b1730b3e60f6','1b9a45e2-8c99-4b48-be59-4ecdadc5dac3',NULL,NULL,NULL,NULL),('eb2cc100-0d65-46c0-9b16-dd8e7bc655b4','2026-03-27 13:39:37.150557','2026-03-27 13:39:37.150557','rear-left',0,479,'https://d11c1pk5qwkk9f.cloudfront.net/crops/f142fdff-1aa9-436e-a98b-126830f887f0.jpg',_binary '\0',_binary '\0','BEFORE','https://d11c1pk5qwkk9f.cloudfront.net/originals/1a3ebc1c-4806-4db3-968e-3c40f862be85.jpg','QmWWi6js2BMBktqQ6u88rER8NmFiRtQcbKzRDD4h8sjoP5','1a2c7e8a-1a04-4962-8d11-dae6a541ff74','0032a55f-8df5-47d8-8f9c-8d6d9d8bb2a5',NULL,NULL,NULL,NULL),('eba6934d-8b75-4545-8760-4766d4bce6f1','2026-03-27 13:34:24.992813','2026-03-27 13:34:24.992813','rear',85,262,'https://d11c1pk5qwkk9f.cloudfront.net/crops/f25a450c-4c92-4172-b2be-59765df0b28b.jpg',_binary '\0',_binary '\0','BEFORE','https://d11c1pk5qwkk9f.cloudfront.net/originals/12239142-81a5-4a84-84be-af395b13fa23.jpg','QmTRuD172fJMEwDpSY7k6ga3iYv31BQPVyLahvy6rkN3ax','1a2c7e8a-1a04-4962-8d11-dae6a541ff74','0032a55f-8df5-47d8-8f9c-8d6d9d8bb2a5',NULL,NULL,NULL,NULL),('ec4901e3-feba-4385-b46f-bee96a5c260f','2026-03-27 12:08:20.079875','2026-03-27 12:08:20.079875','rear-right',276,271,'https://d11c1pk5qwkk9f.cloudfront.net/crops/f62493e5-10fd-4807-acb0-5b1feb8a2550.jpg',_binary '\0',_binary '\0','BEFORE','https://d11c1pk5qwkk9f.cloudfront.net/originals/59343a75-aa1b-491c-ae14-0bac762c6d4d.jpg','QmRkEXSYNPHLqoA8Zi1gvixT287TtudnE4opUVYe97vzFd','1a2c7e8a-1a04-4962-8d11-dae6a541ff74','deff5ec3-6cd4-41cb-9af3-ae8b5cae6303',NULL,NULL,NULL,NULL),('ec822218-7884-4201-a5ef-0e6793d0710e','2026-03-26 16:44:37.139423','2026-03-26 16:44:37.139423','rear-right',286,298,'https://d11c1pk5qwkk9f.cloudfront.net/crops/4c82dd8a-3bfe-4081-a8c2-172e488974b2.jpg',_binary '\0',_binary '\0','BEFORE','https://d11c1pk5qwkk9f.cloudfront.net/originals/6cf874b9-7a65-4caa-a9cd-35e0372aafef.jpg','QmTmi1hCwQJEeVHd4LnkkqHCX5YEb7xpHWisMQb7Zej8Ns','40fe616f-093e-4ad6-af90-b1730b3e60f6','c54ad18a-b875-4f87-9e80-fbb1d299a42a',NULL,NULL,NULL,NULL),('edd275d9-21d5-4f08-b9fd-1496574b9912','2026-03-27 13:33:49.359295','2026-03-27 13:33:49.359295','front-left',0,217,'https://d11c1pk5qwkk9f.cloudfront.net/crops/78485e29-95c2-456c-9e21-f283646fc895.jpg',_binary '\0',_binary '\0','BEFORE','https://d11c1pk5qwkk9f.cloudfront.net/originals/13e83c6a-159f-437c-8972-24daafb2b037.jpg','QmXGojRbUmXZVXCAWecF755ZRurHLCmvxYYsGhyGoYAnDk','1a2c7e8a-1a04-4962-8d11-dae6a541ff74','0032a55f-8df5-47d8-8f9c-8d6d9d8bb2a5',NULL,NULL,NULL,NULL),('edffd2b8-20d9-44f0-add7-d2ce1e90b54c','2026-03-26 16:24:20.945440','2026-03-26 16:24:20.945440','rear-left',130,180,'https://d11c1pk5qwkk9f.cloudfront.net/crops/cce4a0de-b242-4790-bc04-79e36b35fe69.jpg',_binary '\0',_binary '\0','BEFORE','https://d11c1pk5qwkk9f.cloudfront.net/originals/3b2f6526-698f-4efc-a97b-27743e3393bc.jpg','QmRK44rV7h5uxWSvXKzCDdajKwmPLRCRJEN4V26FMLBPJb','40fe616f-093e-4ad6-af90-b1730b3e60f6','c54ad18a-b875-4f87-9e80-fbb1d299a42a',NULL,NULL,NULL,NULL),('ee12782c-03a0-4260-9a40-45182f1ce6e6','2026-03-27 13:38:46.208612','2026-03-27 13:38:46.208612','rear-right',118,438,'https://d11c1pk5qwkk9f.cloudfront.net/crops/9153b14a-65b1-4f5d-89a6-30338f5a85cc.jpg',_binary '\0',_binary '\0','BEFORE','https://d11c1pk5qwkk9f.cloudfront.net/originals/41f34aa8-4d76-4941-889d-ce2f54e05dbd.jpg','QmTqR1rwQw4i7yitdv588S9ngZUbdWG51VZ3jbNs3yzZgz','1a2c7e8a-1a04-4962-8d11-dae6a541ff74','0032a55f-8df5-47d8-8f9c-8d6d9d8bb2a5',NULL,NULL,NULL,NULL),('eed5f26f-11d0-4ad6-b4a0-868a5ed2ed66','2026-03-28 17:37:13.965358','2026-03-28 22:29:14.854867','rear',207,343,'https://d11c1pk5qwkk9f.cloudfront.net/crops/3e2ab394-2193-4f7f-9bdc-4528a913d14b.jpg',_binary '',_binary '\0','AFTER','https://d11c1pk5qwkk9f.cloudfront.net/originals/0fe45b51-199c-4eec-9ac8-85703c2f4999.jpg','QmZsyAAHeRHjeKfBbjYtiAoxZSKKn3fywUBhVy8g6EUcxs','40fe616f-093e-4ad6-af90-b1730b3e60f6','1b9a45e2-8c99-4b48-be59-4ecdadc5dac3',NULL,100,0,NULL),('f2683df4-fbe4-4c72-9d89-c00e71c9aff2','2026-03-28 17:32:42.925736','2026-03-28 17:32:42.925736','rear',112,322,'https://d11c1pk5qwkk9f.cloudfront.net/crops/d507c88d-cac7-4b4d-b880-fc370063fbff.jpg',_binary '\0',_binary '\0','BEFORE','https://d11c1pk5qwkk9f.cloudfront.net/originals/8bd10d44-af7f-4bb3-87f5-aeba5cec0a2e.jpg','QmevEdW6TLzvjTqPvbiqkWtXdMBCZ6n9NDkLqY6FK6jxTq','40fe616f-093e-4ad6-af90-b1730b3e60f6','1b9a45e2-8c99-4b48-be59-4ecdadc5dac3',NULL,NULL,NULL,NULL),('f40b475e-9496-4569-a800-ca89d9245e8e','2026-03-26 16:44:45.600848','2026-03-26 16:44:45.600848','front-right',0,285,'https://d11c1pk5qwkk9f.cloudfront.net/crops/26e399be-df2d-40d4-93a0-bd5ad4255823.jpg',_binary '\0',_binary '\0','BEFORE','https://d11c1pk5qwkk9f.cloudfront.net/originals/82954ef6-dd39-4cc9-a100-23797f30ba83.jpg','QmbgYLKFowZGESWkU4GFHdLeqKju6foTU4VDSwbmvcgDmF','40fe616f-093e-4ad6-af90-b1730b3e60f6','c54ad18a-b875-4f87-9e80-fbb1d299a42a',NULL,NULL,NULL,NULL),('f5834fa2-90a6-43b6-b9af-6b6a48b0cc34','2026-03-27 10:21:27.136973','2026-03-27 10:21:27.136973','rear',137,324,'https://d11c1pk5qwkk9f.cloudfront.net/crops/0c1b599f-ec42-4f72-a0eb-8a923bf47534.jpg',_binary '\0',_binary '\0','BEFORE','https://d11c1pk5qwkk9f.cloudfront.net/originals/4c403e8e-2929-4529-aaab-37636c5ffcca.jpg','QmbkndN8zaUL8Px8ygt93xvuNgRYDEBPKGi9nopGXkQVgx','40fe616f-093e-4ad6-af90-b1730b3e60f6','3692e9a4-2538-4fa4-9b28-c00746402ec3',NULL,NULL,NULL,NULL),('f621ceff-29d0-4be3-a4f4-91ecc6e58659','2026-03-27 11:11:25.479863','2026-03-27 11:11:25.479863','front-right',16,312,'https://d11c1pk5qwkk9f.cloudfront.net/crops/40b3fbcb-0c63-45ff-a769-54fd73774358.jpg',_binary '\0',_binary '\0','AFTER','https://d11c1pk5qwkk9f.cloudfront.net/originals/8c177439-4ade-4745-9c09-fc13dbab978c.jpg','QmeQs2CAKS3tiM9B4aBjFaRQquxWo14WerYqzhsqbFUWES','1a2c7e8a-1a04-4962-8d11-dae6a541ff74','9e0f91b2-d8e0-4464-bf80-3f4e61303457',NULL,NULL,NULL,NULL),('f63e4546-25cc-4b19-b12d-d67d59b03c25','2026-03-27 13:39:02.740593','2026-03-27 13:39:02.740593','front-right',75,427,'https://d11c1pk5qwkk9f.cloudfront.net/crops/11bcee80-d87d-431e-8ffa-4c5dd1717044.jpg',_binary '\0',_binary '\0','BEFORE','https://d11c1pk5qwkk9f.cloudfront.net/originals/da603244-964c-488c-9510-2646568f7bfc.jpg','QmdSh5YBFEXQt5VbL3gZrtJaqZ9w8uJFriSDPUnL2fVHqt','1a2c7e8a-1a04-4962-8d11-dae6a541ff74','0032a55f-8df5-47d8-8f9c-8d6d9d8bb2a5',NULL,NULL,NULL,NULL),('f662d363-8b49-4730-8d59-f8d829f42b05','2026-03-26 16:41:13.723730','2026-03-26 16:41:13.723730','front-right',0,280,'https://d11c1pk5qwkk9f.cloudfront.net/crops/4fdb0a98-5f83-4b7a-8ad1-e3d1b09f013b.jpg',_binary '\0',_binary '\0','BEFORE','https://d11c1pk5qwkk9f.cloudfront.net/originals/19ff4654-b520-4c90-8a76-629551e6d72d.jpg','QmeCN5V6W9L74hsAn7fz8Yczh9QVqZqmZ4u7Uj5QYerM8c','40fe616f-093e-4ad6-af90-b1730b3e60f6','c54ad18a-b875-4f87-9e80-fbb1d299a42a',NULL,NULL,NULL,NULL),('f75ce97f-456e-46ee-ac03-8a9747c3267f','2026-03-27 10:19:35.415391','2026-03-27 10:19:35.415391','rear-right',282,257,'https://d11c1pk5qwkk9f.cloudfront.net/crops/9447cd51-b6be-4b18-b37c-25fbbca30ad9.jpg',_binary '\0',_binary '\0','BEFORE','https://d11c1pk5qwkk9f.cloudfront.net/originals/d70cbd73-fedc-4eed-a52b-18f93191ea6d.jpg','QmaJ8sRrCfyUvPKJgL8CsYuEzCtfaFrEqYDJoDj78TQEAa','40fe616f-093e-4ad6-af90-b1730b3e60f6','3692e9a4-2538-4fa4-9b28-c00746402ec3',NULL,NULL,NULL,NULL),('f874d838-3594-440c-93a6-587ee256f4f3','2026-03-28 01:55:31.014204','2026-03-28 01:55:31.014204','rear-right',66,284,'https://d11c1pk5qwkk9f.cloudfront.net/crops/bb726f67-2d44-419d-8963-46ad81b3f41b.jpg',_binary '\0',_binary '\0','BEFORE','https://d11c1pk5qwkk9f.cloudfront.net/originals/44d5d250-79ca-4819-ac38-6c69d9237b24.jpg','QmcZphCucM2EQCu1k1yyS7sAEoeXjjUowbZgQd4xybfWXX','40fe616f-093e-4ad6-af90-b1730b3e60f6','9244b5cc-6ea1-4d1f-bc75-d2be717e1277',NULL,NULL,NULL,NULL),('f979ee27-2bce-41b7-9f9a-b0af9b9b8250','2026-03-27 15:51:38.498910','2026-03-27 15:51:38.498910','rear',145,403,'https://d11c1pk5qwkk9f.cloudfront.net/crops/08a35021-db95-4e0b-bb46-73b32126c070.jpg',_binary '\0',_binary '\0','AFTER','https://d11c1pk5qwkk9f.cloudfront.net/originals/04d1e7f8-a541-4ef8-b5bb-496853407c87.jpg','QmUj3ZkLSV2M5DVFjpoTTVeBHi1QwC5cY4D8tNx4sTH98Y','40fe616f-093e-4ad6-af90-b1730b3e60f6','71b4c4f4-6713-49c3-ad1c-9dce80724048',NULL,NULL,NULL,NULL),('fa1f222f-bbeb-4cca-9c56-63186afe84e3','2026-03-27 16:40:48.240900','2026-03-27 16:40:48.240900','front-right',70,262,'https://d11c1pk5qwkk9f.cloudfront.net/crops/97ac10ba-22b8-47f7-af16-8c141c045712.jpg',_binary '\0',_binary '\0','BEFORE','https://d11c1pk5qwkk9f.cloudfront.net/originals/a5384520-4b22-4f58-98f5-fe4eb3adf1b1.jpg','QmXAcFSCzkwqaq8prNksRsbJnV55oz52zUSGVmuiwmuTHR','40fe616f-093e-4ad6-af90-b1730b3e60f6','31f86bcb-471d-42fc-9184-51205da83064',NULL,NULL,NULL,NULL),('fae2e27c-f739-466e-b039-4c3ec5be6d64','2026-03-26 16:43:09.414302','2026-03-26 16:43:09.414302','rear',131,348,'https://d11c1pk5qwkk9f.cloudfront.net/crops/f2e71501-de38-4461-9062-bc78f68b7d31.jpg',_binary '\0',_binary '\0','BEFORE','https://d11c1pk5qwkk9f.cloudfront.net/originals/3d83d165-f34e-48d6-a39f-c7f3606431b7.jpg','QmXqGw6DnRFXeLtqGpFTTZS1UNRR1KK9cujYJav6JnzeSf','40fe616f-093e-4ad6-af90-b1730b3e60f6','c54ad18a-b875-4f87-9e80-fbb1d299a42a',NULL,NULL,NULL,NULL),('fb920c30-bc85-40e1-b49e-83a5d6fae877','2026-03-27 17:17:00.563225','2026-03-27 17:17:00.563225','rear-left',191,161,'https://d11c1pk5qwkk9f.cloudfront.net/crops/504aab91-8b2f-49c8-9197-adcd77031f67.jpg',_binary '\0',_binary '\0','BEFORE','https://d11c1pk5qwkk9f.cloudfront.net/originals/26829cc5-2080-464f-90ff-7f2efc706318.jpg','QmQeqg54LKdvysis6CtM3zDne92Sj2ftSvYPWpz2NEPeEJ','1a2c7e8a-1a04-4962-8d11-dae6a541ff74','ddaac7cc-eeb2-4ffa-908a-9b058935c795',NULL,NULL,NULL,NULL),('fd19db34-b050-4c33-a061-424b2968d89d','2026-03-28 17:31:23.006300','2026-03-28 17:31:23.006300','front',137,353,'https://d11c1pk5qwkk9f.cloudfront.net/crops/8f02042b-6355-4d2a-9acd-d3db42efe3aa.jpg',_binary '\0',_binary '\0','BEFORE','https://d11c1pk5qwkk9f.cloudfront.net/originals/e1df1a0f-a388-4cb2-9d1a-95bc361907df.jpg','QmdAuU5Yk19BqdrpBSqPugsvJBo9MJSGhwPGV5rpJhtYv1','40fe616f-093e-4ad6-af90-b1730b3e60f6','1b9a45e2-8c99-4b48-be59-4ecdadc5dac3',NULL,NULL,NULL,NULL),('fe0b39a9-bc84-4736-aae8-75c9a5d4fff2','2026-03-27 16:43:02.522393','2026-03-28 18:55:51.062045','front-right',111,307,'https://d11c1pk5qwkk9f.cloudfront.net/crops/0220f487-be1f-4bcb-9f30-82a25948219b.jpg',_binary '\0',_binary '\0','AFTER','https://d11c1pk5qwkk9f.cloudfront.net/originals/1db2c9de-b07f-436a-8dbc-aa45d6297358.jpg','QmUhUoMn84Nt5SVa8iAGREyb4cuMkBsHkczTicnhBz5f1J','1a2c7e8a-1a04-4962-8d11-dae6a541ff74','0032a55f-8df5-47d8-8f9c-8d6d9d8bb2a5','85deb6f5-5ab4-4a34-aa1f-49c5f2852cdd',0.95,5,'https://d11c1pk5qwkk9f.cloudfront.net/crops/fb3d6b0f-e6df-494f-a677-0f1a4dbe78a2.jpg'),('fea0ccfa-8240-4e27-a868-6f13761ea73e','2026-03-27 11:27:29.843485','2026-03-27 11:27:29.843485','rear-right',252,331,'https://d11c1pk5qwkk9f.cloudfront.net/crops/bdcede93-297d-458f-ac8f-43157d465c89.jpg',_binary '\0',_binary '\0','BEFORE','https://d11c1pk5qwkk9f.cloudfront.net/originals/fcd4a36f-70c5-448f-9f4f-e9b141bf6f53.jpg','QmWVyJLyMpCxaP1HQPvPTyoGhbKr1oTKxoDmqFK9zmyqAh','40fe616f-093e-4ad6-af90-b1730b3e60f6','ef2342aa-b2b7-426e-9f17-cd3d6b8a30e6',NULL,NULL,NULL,NULL),('ffd35927-a1d4-491b-a938-0f49c674c3a5','2026-03-27 16:47:53.418124','2026-03-27 16:47:53.418124','front-right',115,343,'https://d11c1pk5qwkk9f.cloudfront.net/crops/39dd3a2b-35cf-4a9a-a1f7-e52392dc4df3.jpg',_binary '\0',_binary '\0','AFTER','https://d11c1pk5qwkk9f.cloudfront.net/originals/09c901b0-bf53-433e-ba13-c8b06f5d5fc3.jpg','QmZWDUr7M5cJPx8fYFQmozNQZydPANzeEpLasxAYF2PjmA','1a2c7e8a-1a04-4962-8d11-dae6a541ff74','e2190d3f-167d-4198-b6c4-c8c238ac34fa',NULL,NULL,NULL,NULL);
/*!40000 ALTER TABLE `scratch` ENABLE KEYS */;
UNLOCK TABLES;

--
-- Table structure for table `smart_key`
--

DROP TABLE IF EXISTS `smart_key`;
/*!40101 SET @saved_cs_client     = @@character_set_client */;
/*!50503 SET character_set_client = utf8mb4 */;
CREATE TABLE `smart_key` (
  `smart_key_id` varchar(100) NOT NULL,
  `created_at` datetime(6) NOT NULL,
  `updated_at` datetime(6) NOT NULL,
  `is_active` bit(1) NOT NULL,
  `expires_at` datetime(6) NOT NULL,
  `lock_status` enum('LOCKED','UNLOCKED') NOT NULL,
  `revoked_at` datetime(6) DEFAULT NULL,
  `token` varchar(255) NOT NULL,
  `reservation_id` varchar(100) NOT NULL,
  PRIMARY KEY (`smart_key_id`),
  UNIQUE KEY `UKb3oe3sw89t8tjfm871l0yvvud` (`token`),
  UNIQUE KEY `UKetbbsc943qubmh7pwhvkc7jbl` (`reservation_id`),
  CONSTRAINT `FKkpc6fu1uow84vrlcre4mbxpkp` FOREIGN KEY (`reservation_id`) REFERENCES `reservation` (`reservation_id`)
) ENGINE=InnoDB DEFAULT CHARSET=utf8mb4 COLLATE=utf8mb4_0900_ai_ci;
/*!40101 SET character_set_client = @saved_cs_client */;

--
-- Dumping data for table `smart_key`
--

LOCK TABLES `smart_key` WRITE;
/*!40000 ALTER TABLE `smart_key` DISABLE KEYS */;
INSERT INTO `smart_key` VALUES ('009d5d6a-8825-40a8-a849-4c35f402e6b3','2026-03-28 21:44:23.939640','2026-03-28 21:44:23.939640',_binary '','2026-03-29 10:00:00.000000','LOCKED',NULL,'f198050d971348239f07aac5b686f5ed','27ba3a5c-2235-44b0-a499-5e70f21ac82e'),('15779c86-5521-4a23-88dd-b44a760358e9','2026-03-27 10:35:37.824490','2026-03-28 10:00:04.848859',_binary '\0','2026-03-28 10:00:00.000000','LOCKED','2026-03-28 10:00:04.846421','46592b78c06f487c9bb9cb86e63c69df','10659d45-c57c-43df-9424-554cc2601cda'),('2123774e-19f5-469e-90e7-b8b22743b6a8','2026-03-28 21:21:31.602790','2026-03-28 21:21:31.602790',_binary '','2026-03-29 10:00:00.000000','LOCKED',NULL,'0bc0f055c0b3462bb6b7887214ebd228','00b34c47-c683-4d42-8357-b87d449478fb'),('2c3fda4f-863f-446d-8da9-38069a8a53aa','2026-03-26 22:28:46.780330','2026-03-28 10:00:04.851432',_binary '\0','2026-03-28 10:00:00.000000','LOCKED','2026-03-28 10:00:04.846750','be33d5a27abe405db8d5aac34386455b','02797968-1f71-4f55-84b1-00e0b1a93f14'),('362ec745-4c2d-4d2a-b1a7-c83d79eecb72','2026-03-27 15:50:30.131608','2026-03-28 10:00:04.851648',_binary '\0','2026-03-28 10:00:00.000000','LOCKED','2026-03-28 10:00:04.846838','2f0bb56e161e4b288bf9cf74628cf7f4','71b4c4f4-6713-49c3-ad1c-9dce80724048'),('4209c342-3f9f-4828-9517-7b0128914f03','2026-03-26 17:30:44.015863','2026-03-27 10:00:41.169995',_binary '\0','2026-03-27 10:00:00.000000','LOCKED','2026-03-27 10:00:41.169535','f7df911031af48b0b0c8626be4384e0b','f87acbea-1a91-4961-8b11-5f5510a84dbd'),('4d4c0308-d855-4c4d-b1d3-6f5813db530c','2026-03-27 10:39:09.598990','2026-03-28 10:00:04.851767',_binary '\0','2026-03-28 10:00:00.000000','LOCKED','2026-03-28 10:00:04.846958','1ba9404ac1f9442f9fcd108d1eb7ad68','6477b5cd-cd3f-445f-8d41-806c7cdc39e1'),('5180d270-37ea-41b7-bdd6-60c6fc2c7a9f','2026-03-26 15:03:52.767320','2026-03-27 03:40:36.882923',_binary '\0','2026-03-27 03:39:44.039000','LOCKED','2026-03-27 03:40:36.882297','d8bd3c9450964bb6bceb85fe5a0660d9','f10acb63-a442-40ac-8ec9-f00d26d3726e'),('59a28f01-43be-4f62-ab0c-77ec47336377','2026-03-27 16:11:56.150801','2026-03-28 10:00:04.851896',_binary '\0','2026-03-28 10:00:00.000000','LOCKED','2026-03-28 10:00:04.847072','6aa92d2f62ec44ae8cb8a984590e11ae','d3ae206e-458f-4411-9860-6a4743d05c73'),('a60ac099-ad60-4e98-b78c-b6c72ad6a2dc','2026-03-28 21:46:27.899836','2026-03-28 21:46:27.899836',_binary '','2026-03-29 10:00:00.000000','LOCKED',NULL,'2491d55096134edf96a52d27da0fd3d8','3c16d4b5-89d7-479b-bb97-17500eee476a'),('aa9ae151-66b8-4487-97df-d4d5ef7dce50','2026-03-27 10:28:49.655943','2026-03-28 10:00:04.852020',_binary '\0','2026-03-28 10:00:00.000000','LOCKED','2026-03-28 10:00:04.847198','e6edb6573ddd4d9fb0340ed7993da48e','3692e9a4-2538-4fa4-9b28-c00746402ec3'),('aedb110f-cca3-4363-9941-8ae1b957ed36','2026-03-27 15:59:19.131211','2026-03-28 10:00:04.852171',_binary '\0','2026-03-28 10:00:00.000000','LOCKED','2026-03-28 10:00:04.847275','f4d7da8ef565449aa316a460d71bbc02','243a29f1-144e-46da-ba81-af9c7ced5788'),('c074203c-3241-41ea-b8b8-38ae9e3145bd','2026-03-27 00:22:03.180117','2026-03-27 10:00:41.170183',_binary '\0','2026-03-27 10:00:00.000000','LOCKED','2026-03-27 10:00:41.169709','b09a5efde57f4742a7893a730f3ebce5','129b2e33-6678-4886-b91c-f93d2e3a4079'),('df3381be-1a01-4ac1-b1fa-e330c0a0acdb','2026-03-26 17:35:00.686319','2026-03-28 10:00:04.852285',_binary '\0','2026-03-28 10:00:00.000000','LOCKED','2026-03-28 10:00:04.847352','9736d0ad5bba4893ad98866778af5305','36f102c0-65db-430e-a038-23f2ad5230f4'),('e825ddc9-8c69-443f-a27f-29b042938ba3','2026-03-26 15:01:33.559988','2026-03-27 10:00:41.170276',_binary '\0','2026-03-27 10:00:00.000000','LOCKED','2026-03-27 10:00:41.169752','a377d47c18e944e7b6f18360e433aaaf','92043afe-cfc6-44c6-8108-24175ed4931c'),('ea43071b-16a4-4a4e-837a-e6e26f86e2e3','2026-03-26 17:26:38.438015','2026-03-28 10:00:04.852397',_binary '\0','2026-03-28 10:00:00.000000','LOCKED','2026-03-28 10:00:04.847426','b65ba9f097e348d280ca903aa37b3706','c54ad18a-b875-4f87-9e80-fbb1d299a42a'),('ebf6e077-4ee0-43c4-810b-6a20e51b6c90','2026-03-27 16:25:54.371613','2026-03-27 16:25:54.371613',_binary '','2026-03-31 10:00:00.000000','LOCKED',NULL,'9571fe00118f4061b4d7b7830f302d7a','f3922f82-4c3b-4b87-8828-4e122a128cba'),('f005a39a-b43e-45ca-b284-a8bc71dd5548','2026-03-27 15:23:17.031802','2026-03-28 10:00:04.852537',_binary '\0','2026-03-28 10:00:00.000000','LOCKED','2026-03-28 10:00:04.847538','832f25dc13b64dffb91da95ee77ae7fc','ef2342aa-b2b7-426e-9f17-cd3d6b8a30e6'),('f1ee504f-af9b-40b6-9355-7e69b865c337','2026-03-27 10:32:54.758800','2026-03-28 10:00:04.852854',_binary '\0','2026-03-28 10:00:00.000000','LOCKED','2026-03-28 10:00:04.847656','4381ee716eb84d6b95410e492f350aee','6675f47b-e272-4f40-871e-d3baf25358f0');
/*!40000 ALTER TABLE `smart_key` ENABLE KEYS */;
UNLOCK TABLES;
/*!40103 SET TIME_ZONE=@OLD_TIME_ZONE */;

/*!40101 SET SQL_MODE=@OLD_SQL_MODE */;
/*!40014 SET FOREIGN_KEY_CHECKS=@OLD_FOREIGN_KEY_CHECKS */;
/*!40014 SET UNIQUE_CHECKS=@OLD_UNIQUE_CHECKS */;
/*!40101 SET CHARACTER_SET_CLIENT=@OLD_CHARACTER_SET_CLIENT */;
/*!40101 SET CHARACTER_SET_RESULTS=@OLD_CHARACTER_SET_RESULTS */;
/*!40101 SET COLLATION_CONNECTION=@OLD_COLLATION_CONNECTION */;
/*!40111 SET SQL_NOTES=@OLD_SQL_NOTES */;

-- Dump completed on 2026-03-29  1:37:39
